provinsi,cluster,cluster_name,komoditas,tahun,produksi,median_cluster,selisih_dengan_median_cluster
Aceh,1,Produksi Tinggi dengan Hortikultura Dataran Tinggi Menonjol,Padi,2025,1615200.0,1382697.0,232503.0
Aceh,1,Produksi Tinggi dengan Hortikultura Dataran Tinggi Menonjol,Jagung,2024,52249.4,293052.3,-240802.9
Aceh,1,Produksi Tinggi dengan Hortikultura Dataran Tinggi Menonjol,Alpukat,2025,122079.168,15818.154,106261.01400000001
Aceh,1,Produksi Tinggi dengan Hortikultura Dataran Tinggi Menonjol,Anggur,2025,1.85,13.408,-11.558
Aceh,1,Produksi Tinggi dengan Hortikultura Dataran Tinggi Menonjol,Apel,2025,66.19,0.1,66.09
Aceh,1,Produksi Tinggi dengan Hortikultura Dataran Tinggi Menonjol,Belimbing,2025,2247.038,534.188,1712.85
Aceh,1,Produksi Tinggi dengan Hortikultura Dataran Tinggi Menonjol,Duku Langsat Kokosan,2025,5482.569,4868.984,613.585
Aceh,1,Produksi Tinggi dengan Hortikultura Dataran Tinggi Menonjol,Durian,2025,58496.921,50551.826,7945.095000000001
Aceh,1,Produksi Tinggi dengan Hortikultura Dataran Tinggi Menonjol,Jambu Air,2025,4929.351000000001,3459.0160000000005,1470.335
Aceh,1,Produksi Tinggi dengan Hortikultura Dataran Tinggi Menonjol,Jambu Biji,2025,6060.844999999999,5101.7300000000005,959.1149999999989
Aceh,1,Produksi Tinggi dengan Hortikultura Dataran Tinggi Menonjol,Jengkol,2025,19114.44,4621.794,14492.645999999999
Aceh,1,Produksi Tinggi dengan Hortikultura Dataran Tinggi Menonjol,Jeruk Besar,2025,6188.035,353.255,5834.78
Aceh,1,Produksi Tinggi dengan Hortikultura Dataran Tinggi Menonjol,Jeruk Siam Keprok,2025,55383.575,29358.92,26024.655
Aceh,1,Produksi Tinggi dengan Hortikultura Dataran Tinggi Menonjol,Mangga,2025,23588.604,23588.604,0.0
Aceh,1,Produksi Tinggi dengan Hortikultura Dataran Tinggi Menonjol,Manggis,2025,7091.485000000001,6179.477,912.0080000000007
Aceh,1,Produksi Tinggi dengan Hortikultura Dataran Tinggi Menonjol,Melinjo,2025,28475.392,749.5899999999999,27725.802
Aceh,1,Produksi Tinggi dengan Hortikultura Dataran Tinggi Menonjol,Nangka Cempedak,2025,9195.556,12718.634,-3523.0779999999995
Aceh,1,Produksi Tinggi dengan Hortikultura Dataran Tinggi Menonjol,Nenas,2025,12465.345,17836.272,-5370.9270000000015
Aceh,1,Produksi Tinggi dengan Hortikultura Dataran Tinggi Menonjol,Pepaya,2025,41842.243,30850.583,10991.660000000003
Aceh,1,Produksi Tinggi dengan Hortikultura Dataran Tinggi Menonjol,Petai,2025,2181.9990000000003,2337.795,-155.79599999999982
Aceh,1,Produksi Tinggi dengan Hortikultura Dataran Tinggi Menonjol,Pisang,2025,46517.179,134617.75,-88100.571
Aceh,1,Produksi Tinggi dengan Hortikultura Dataran Tinggi Menonjol,Rambutan,2025,71187.75,10445.254,60742.496
Aceh,1,Produksi Tinggi dengan Hortikultura Dataran Tinggi Menonjol,Salak,2025,455.59,1338.267,-882.6770000000001
Aceh,1,Produksi Tinggi dengan Hortikultura Dataran Tinggi Menonjol,Sawo,2025,2592.3630000000003,2752.802,-160.43899999999985
Aceh,1,Produksi Tinggi dengan Hortikultura Dataran Tinggi Menonjol,Sirsak,2025,1160.267,1601.452,-441.18499999999995
Aceh,1,Produksi Tinggi dengan Hortikultura Dataran Tinggi Menonjol,Sukun,2025,1617.9,1617.9,0.0
Aceh,1,Produksi Tinggi dengan Hortikultura Dataran Tinggi Menonjol,Buah Naga,2025,375.34,3801.609,-3426.269
Aceh,1,Produksi Tinggi dengan Hortikultura Dataran Tinggi Menonjol,Jeruk Lemon,2025,966.505,966.505,0.0
Aceh,1,Produksi Tinggi dengan Hortikultura Dataran Tinggi Menonjol,Lengkeng,2025,510.205,510.205,0.0
Aceh,1,Produksi Tinggi dengan Hortikultura Dataran Tinggi Menonjol,Bawang Daun,2025,687.5600000000001,4013.352,-3325.792
Aceh,1,Produksi Tinggi dengan Hortikultura Dataran Tinggi Menonjol,Bawang Merah,2025,13281.55,13281.55,0.0
Aceh,1,Produksi Tinggi dengan Hortikultura Dataran Tinggi Menonjol,Bawang Putih,2025,0.0,0.2,-0.2
Aceh,1,Produksi Tinggi dengan Hortikultura Dataran Tinggi Menonjol,Bayam,2025,5040.372,4230.219,810.1530000000002
Aceh,1,Produksi Tinggi dengan Hortikultura Dataran Tinggi Menonjol,Buncis,2025,211.8,4233.31,-4021.51
Aceh,1,Produksi Tinggi dengan Hortikultura Dataran Tinggi Menonjol,Cabai Rawit,2025,112302.144,27280.977000000003,85021.167
Aceh,1,Produksi Tinggi dengan Hortikultura Dataran Tinggi Menonjol,Kacang Panjang,2025,13674.242000000002,7758.957,5915.285000000002
Aceh,1,Produksi Tinggi dengan Hortikultura Dataran Tinggi Menonjol,Kangkung,2025,7586.144999999999,7019.041,567.1039999999985
Aceh,1,Produksi Tinggi dengan Hortikultura Dataran Tinggi Menonjol,Kembang Kol,2025,450.1,801.15,-351.04999999999995
Aceh,1,Produksi Tinggi dengan Hortikultura Dataran Tinggi Menonjol,Kentang,2025,7560.655000000001,2162.4,5398.255000000001
Aceh,1,Produksi Tinggi dengan Hortikultura Dataran Tinggi Menonjol,Ketimun,2025,16575.038,6146.168,10428.87
Aceh,1,Produksi Tinggi dengan Hortikultura Dataran Tinggi Menonjol,Kubis,2025,1374.1,11576.85,-10202.75
Aceh,1,Produksi Tinggi dengan Hortikultura Dataran Tinggi Menonjol,Labu Siam,2025,894.1,7958.75,-7064.65
Aceh,1,Produksi Tinggi dengan Hortikultura Dataran Tinggi Menonjol,Melon,2025,300.1,830.5649999999999,-530.4649999999999
Aceh,1,Produksi Tinggi dengan Hortikultura Dataran Tinggi Menonjol,Paprika,2025,7.0,3.0,4.0
Aceh,1,Produksi Tinggi dengan Hortikultura Dataran Tinggi Menonjol,Petsai Sawi,2025,2660.402,11414.652,-8754.25
Aceh,1,Produksi Tinggi dengan Hortikultura Dataran Tinggi Menonjol,Semangka,2025,7877.45,9174.8,-1297.3499999999995
Aceh,1,Produksi Tinggi dengan Hortikultura Dataran Tinggi Menonjol,Stroberi,2025,26.3,26.3,0.0
Aceh,1,Produksi Tinggi dengan Hortikultura Dataran Tinggi Menonjol,Terung,2025,9484.551,12491.988,-3007.437
Aceh,1,Produksi Tinggi dengan Hortikultura Dataran Tinggi Menonjol,Tomat,2025,10211.23,23964.93,-13753.7
Aceh,1,Produksi Tinggi dengan Hortikultura Dataran Tinggi Menonjol,Wortel,2025,44.6,6627.95,-6583.349999999999
Aceh,1,Produksi Tinggi dengan Hortikultura Dataran Tinggi Menonjol,Cabai Besar Tw Teropong,2025,129.25,2973.547,-2844.297
Aceh,1,Produksi Tinggi dengan Hortikultura Dataran Tinggi Menonjol,Cabai Keriting,2025,184095.024,15893.857,168201.16700000002
Aceh,1,Produksi Tinggi dengan Hortikultura Dataran Tinggi Menonjol,Jamur Tiram,2025,2.201,104.339,-102.138
Aceh,1,Produksi Tinggi dengan Hortikultura Dataran Tinggi Menonjol,Jamur Merang,2025,1.576,0.0,1.576
Aceh,1,Produksi Tinggi dengan Hortikultura Dataran Tinggi Menonjol,Jamur Lainnya,2025,0.02,0.0,0.02
Bali,1,Produksi Tinggi dengan Hortikultura Dataran Tinggi Menonjol,Padi,2025,587866.0,1382697.0,-794831.0
Bali,1,Produksi Tinggi dengan Hortikultura Dataran Tinggi Menonjol,Jagung,2024,39055.43,293052.3,-253996.87
Bali,1,Produksi Tinggi dengan Hortikultura Dataran Tinggi Menonjol,Alpukat,2025,4852.874,15818.154,-10965.28
Bali,1,Produksi Tinggi dengan Hortikultura Dataran Tinggi Menonjol,Anggur,2025,19111.885,13.408,19098.477
Bali,1,Produksi Tinggi dengan Hortikultura Dataran Tinggi Menonjol,Apel,2025,0.0,0.1,-0.1
Bali,1,Produksi Tinggi dengan Hortikultura Dataran Tinggi Menonjol,Belimbing,2025,421.988,534.188,-112.19999999999999
Bali,1,Produksi Tinggi dengan Hortikultura Dataran Tinggi Menonjol,Duku Langsat Kokosan,2025,516.8050000000001,4868.984,-4352.179
Bali,1,Produksi Tinggi dengan Hortikultura Dataran Tinggi Menonjol,Durian,2025,29744.094,50551.826,-20807.732
Bali,1,Produksi Tinggi dengan Hortikultura Dataran Tinggi Menonjol,Jambu Air,2025,825.0690000000001,3459.0160000000005,-2633.9470000000006
Bali,1,Produksi Tinggi dengan Hortikultura Dataran Tinggi Menonjol,Jambu Biji,2025,2792.473,5101.7300000000005,-2309.2570000000005
Bali,1,Produksi Tinggi dengan Hortikultura Dataran Tinggi Menonjol,Jengkol,2025,0.7,4621.794,-4621.094
Bali,1,Produksi Tinggi dengan Hortikultura Dataran Tinggi Menonjol,Jeruk Besar,2025,353.255,353.255,0.0
Bali,1,Produksi Tinggi dengan Hortikultura Dataran Tinggi Menonjol,Jeruk Siam Keprok,2025,109585.369,29358.92,80226.44900000001
Bali,1,Produksi Tinggi dengan Hortikultura Dataran Tinggi Menonjol,Mangga,2025,62127.85799999999,23588.604,38539.25399999999
Bali,1,Produksi Tinggi dengan Hortikultura Dataran Tinggi Menonjol,Manggis,2025,8493.824,6179.477,2314.3470000000007
Bali,1,Produksi Tinggi dengan Hortikultura Dataran Tinggi Menonjol,Melinjo,2025,305.43600000000004,749.5899999999999,-444.1539999999999
Bali,1,Produksi Tinggi dengan Hortikultura Dataran Tinggi Menonjol,Nangka Cempedak,2025,19644.368,12718.634,6925.733999999999
Bali,1,Produksi Tinggi dengan Hortikultura Dataran Tinggi Menonjol,Nenas,2025,381.484,17836.272,-17454.788
Bali,1,Produksi Tinggi dengan Hortikultura Dataran Tinggi Menonjol,Pepaya,2025,8193.265,30850.583,-22657.318
Bali,1,Produksi Tinggi dengan Hortikultura Dataran Tinggi Menonjol,Petai,2025,5.26,2337.795,-2332.535
Bali,1,Produksi Tinggi dengan Hortikultura Dataran Tinggi Menonjol,Pisang,2025,134617.75,134617.75,0.0
Bali,1,Produksi Tinggi dengan Hortikultura Dataran Tinggi Menonjol,Rambutan,2025,9619.908,10445.254,-825.3460000000014
Bali,1,Produksi Tinggi dengan Hortikultura Dataran Tinggi Menonjol,Salak,2025,27093.948,1338.267,25755.681
Bali,1,Produksi Tinggi dengan Hortikultura Dataran Tinggi Menonjol,Sawo,2025,2752.802,2752.802,0.0
Bali,1,Produksi Tinggi dengan Hortikultura Dataran Tinggi Menonjol,Sirsak,2025,247.022,1601.452,-1354.43
Bali,1,Produksi Tinggi dengan Hortikultura Dataran Tinggi Menonjol,Sukun,2025,237.793,1617.9,-1380.107
Bali,1,Produksi Tinggi dengan Hortikultura Dataran Tinggi Menonjol,Buah Naga,2025,2377.661,3801.609,-1423.9479999999999
Bali,1,Produksi Tinggi dengan Hortikultura Dataran Tinggi Menonjol,Jeruk Lemon,2025,982.89,966.505,16.38499999999999
Bali,1,Produksi Tinggi dengan Hortikultura Dataran Tinggi Menonjol,Lengkeng,2025,114.79,510.205,-395.41499999999996
Bali,1,Produksi Tinggi dengan Hortikultura Dataran Tinggi Menonjol,Bawang Daun,2025,368.22,4013.352,-3645.1319999999996
Bali,1,Produksi Tinggi dengan Hortikultura Dataran Tinggi Menonjol,Bawang Merah,2025,39906.95,13281.55,26625.399999999998
Bali,1,Produksi Tinggi dengan Hortikultura Dataran Tinggi Menonjol,Bawang Putih,2025,3.555,0.2,3.355
Bali,1,Produksi Tinggi dengan Hortikultura Dataran Tinggi Menonjol,Bayam,2025,869.993,4230.219,-3360.226
Bali,1,Produksi Tinggi dengan Hortikultura Dataran Tinggi Menonjol,Buncis,2025,4529.423000000001,4233.31,296.1130000000003
Bali,1,Produksi Tinggi dengan Hortikultura Dataran Tinggi Menonjol,Cabai Rawit,2025,27280.977000000003,27280.977000000003,0.0
Bali,1,Produksi Tinggi dengan Hortikultura Dataran Tinggi Menonjol,Kacang Panjang,2025,4325.092,7758.957,-3433.8650000000007
Bali,1,Produksi Tinggi dengan Hortikultura Dataran Tinggi Menonjol,Kangkung,2025,5172.744000000001,7019.041,-1846.2969999999996
Bali,1,Produksi Tinggi dengan Hortikultura Dataran Tinggi Menonjol,Kembang Kol,2025,187.995,801.15,-613.155
Bali,1,Produksi Tinggi dengan Hortikultura Dataran Tinggi Menonjol,Kentang,2025,229.3,2162.4,-1933.1000000000001
Bali,1,Produksi Tinggi dengan Hortikultura Dataran Tinggi Menonjol,Ketimun,2025,5646.874,6146.168,-499.29399999999987
Bali,1,Produksi Tinggi dengan Hortikultura Dataran Tinggi Menonjol,Kubis,2025,11576.85,11576.85,0.0
Bali,1,Produksi Tinggi dengan Hortikultura Dataran Tinggi Menonjol,Labu Siam,2025,17014.629999999997,7958.75,9055.879999999997
Bali,1,Produksi Tinggi dengan Hortikultura Dataran Tinggi Menonjol,Melon,2025,210.577,830.5649999999999,-619.9879999999999
Bali,1,Produksi Tinggi dengan Hortikultura Dataran Tinggi Menonjol,Paprika,2025,227.13,3.0,224.13
Bali,1,Produksi Tinggi dengan Hortikultura Dataran Tinggi Menonjol,Petsai Sawi,2025,14155.838,11414.652,2741.1859999999997
Bali,1,Produksi Tinggi dengan Hortikultura Dataran Tinggi Menonjol,Semangka,2025,19079.592,9174.8,9904.792000000001
Bali,1,Produksi Tinggi dengan Hortikultura Dataran Tinggi Menonjol,Stroberi,2025,451.47,26.3,425.17
Bali,1,Produksi Tinggi dengan Hortikultura Dataran Tinggi Menonjol,Terung,2025,1911.642,12491.988,-10580.346
Bali,1,Produksi Tinggi dengan Hortikultura Dataran Tinggi Menonjol,Tomat,2025,7735.778,23964.93,-16229.152
Bali,1,Produksi Tinggi dengan Hortikultura Dataran Tinggi Menonjol,Wortel,2025,543.4,6627.95,-6084.55
Bali,1,Produksi Tinggi dengan Hortikultura Dataran Tinggi Menonjol,Cabai Besar Tw Teropong,2025,5544.585,2973.547,2571.038
Bali,1,Produksi Tinggi dengan Hortikultura Dataran Tinggi Menonjol,Cabai Keriting,2025,0.137,15893.857,-15893.72
Bali,1,Produksi Tinggi dengan Hortikultura Dataran Tinggi Menonjol,Jamur Tiram,2025,50.601,104.339,-53.738
Bali,1,Produksi Tinggi dengan Hortikultura Dataran Tinggi Menonjol,Jamur Merang,2025,0.215,0.0,0.215
Bali,1,Produksi Tinggi dengan Hortikultura Dataran Tinggi Menonjol,Jamur Lainnya,2025,0.525,0.0,0.525
Banten,3,Produksi Menengah dengan Komoditas Buah/Tropis Menonjol,Padi,2025,1774017.0,302148.0,1471869.0
Banten,3,Produksi Menengah dengan Komoditas Buah/Tropis Menonjol,Jagung,2024,12677.14,10129.869999999999,2547.2700000000004
Banten,3,Produksi Menengah dengan Komoditas Buah/Tropis Menonjol,Alpukat,2025,5207.389,915.872,4291.517
Banten,3,Produksi Menengah dengan Komoditas Buah/Tropis Menonjol,Anggur,2025,22.25,3.929,18.321
Banten,3,Produksi Menengah dengan Komoditas Buah/Tropis Menonjol,Apel,2025,0.0,0.0,0.0
Banten,3,Produksi Menengah dengan Komoditas Buah/Tropis Menonjol,Belimbing,2025,640.024,382.85699999999997,257.16700000000003
Banten,3,Produksi Menengah dengan Komoditas Buah/Tropis Menonjol,Duku Langsat Kokosan,2025,10759.935,5426.088,5333.847
Banten,3,Produksi Menengah dengan Komoditas Buah/Tropis Menonjol,Durian,2025,52242.806,11078.991,41163.814999999995
Banten,3,Produksi Menengah dengan Komoditas Buah/Tropis Menonjol,Jambu Air,2025,4802.729,1044.969,3757.76
Banten,3,Produksi Menengah dengan Komoditas Buah/Tropis Menonjol,Jambu Biji,2025,5081.849,1887.7305000000001,3194.1185
Banten,3,Produksi Menengah dengan Komoditas Buah/Tropis Menonjol,Jengkol,2025,13295.708,558.8225,12736.8855
Banten,3,Produksi Menengah dengan Komoditas Buah/Tropis Menonjol,Jeruk Besar,2025,10.63,104.0915,-93.4615
Banten,3,Produksi Menengah dengan Komoditas Buah/Tropis Menonjol,Jeruk Siam Keprok,2025,929.232,6858.23,-5928.998
Banten,3,Produksi Menengah dengan Komoditas Buah/Tropis Menonjol,Mangga,2025,29626.837,5644.977500000001,23981.8595
Banten,3,Produksi Menengah dengan Komoditas Buah/Tropis Menonjol,Manggis,2025,43118.815,613.4375,42505.3775
Banten,3,Produksi Menengah dengan Komoditas Buah/Tropis Menonjol,Melinjo,2025,37631.05,197.5325,37433.5175
Banten,3,Produksi Menengah dengan Komoditas Buah/Tropis Menonjol,Nangka Cempedak,2025,4667.956,6747.8255,-2079.8695
Banten,3,Produksi Menengah dengan Komoditas Buah/Tropis Menonjol,Nenas,2025,206.714,4922.494,-4715.78
Banten,3,Produksi Menengah dengan Komoditas Buah/Tropis Menonjol,Pepaya,2025,16309.004,13265.7045,3043.299500000001
Banten,3,Produksi Menengah dengan Komoditas Buah/Tropis Menonjol,Petai,2025,15983.762,1136.0149999999999,14847.747000000001
Banten,3,Produksi Menengah dengan Komoditas Buah/Tropis Menonjol,Pisang,2025,337551.1,63802.330500000004,273748.7695
Banten,3,Produksi Menengah dengan Komoditas Buah/Tropis Menonjol,Rambutan,2025,29131.21,13072.754,16058.455999999998
Banten,3,Produksi Menengah dengan Komoditas Buah/Tropis Menonjol,Salak,2025,1398.365,1462.0205,-63.655500000000075
Banten,3,Produksi Menengah dengan Komoditas Buah/Tropis Menonjol,Sawo,2025,2137.563,1063.2655,1074.2975000000001
Banten,3,Produksi Menengah dengan Komoditas Buah/Tropis Menonjol,Sirsak,2025,4437.527,821.9984999999999,3615.5285000000003
Banten,3,Produksi Menengah dengan Komoditas Buah/Tropis Menonjol,Sukun,2025,5766.280000000001,1753.6075,4012.6725000000006
Banten,3,Produksi Menengah dengan Komoditas Buah/Tropis Menonjol,Buah Naga,2025,50.586,983.7665,-933.1804999999999
Banten,3,Produksi Menengah dengan Komoditas Buah/Tropis Menonjol,Jeruk Lemon,2025,166.29000000000002,177.762,-11.47199999999998
Banten,3,Produksi Menengah dengan Komoditas Buah/Tropis Menonjol,Lengkeng,2025,123.047,207.51850000000002,-84.47150000000002
Banten,3,Produksi Menengah dengan Komoditas Buah/Tropis Menonjol,Bawang Daun,2025,201.36,466.87449999999995,-265.51449999999994
Banten,3,Produksi Menengah dengan Komoditas Buah/Tropis Menonjol,Bawang Merah,2025,1395.076,208.027,1187.049
Banten,3,Produksi Menengah dengan Komoditas Buah/Tropis Menonjol,Bawang Putih,2025,0.0,0.0,0.0
Banten,3,Produksi Menengah dengan Komoditas Buah/Tropis Menonjol,Bayam,2025,7642.513000000001,2889.3695,4753.143500000001
Banten,3,Produksi Menengah dengan Komoditas Buah/Tropis Menonjol,Buncis,2025,43.63,356.7145,-313.0845
Banten,3,Produksi Menengah dengan Komoditas Buah/Tropis Menonjol,Cabai Rawit,2025,7621.336999999999,6465.9985,1155.338499999999
Banten,3,Produksi Menengah dengan Komoditas Buah/Tropis Menonjol,Kacang Panjang,2025,4009.93,3108.3365000000003,901.5934999999995
Banten,3,Produksi Menengah dengan Komoditas Buah/Tropis Menonjol,Kangkung,2025,10552.912,4972.4765,5580.4355000000005
Banten,3,Produksi Menengah dengan Komoditas Buah/Tropis Menonjol,Kembang Kol,2025,0.0,0.0025,-0.0025
Banten,3,Produksi Menengah dengan Komoditas Buah/Tropis Menonjol,Kentang,2025,0.0,0.0,0.0
Banten,3,Produksi Menengah dengan Komoditas Buah/Tropis Menonjol,Ketimun,2025,4759.972,3745.6745,1014.2974999999997
Banten,3,Produksi Menengah dengan Komoditas Buah/Tropis Menonjol,Kubis,2025,58.9,0.28900000000000003,58.611
Banten,3,Produksi Menengah dengan Komoditas Buah/Tropis Menonjol,Labu Siam,2025,113.05,118.418,-5.368000000000009
Banten,3,Produksi Menengah dengan Komoditas Buah/Tropis Menonjol,Melon,2025,257.66,306.0095,-48.34949999999998
Banten,3,Produksi Menengah dengan Komoditas Buah/Tropis Menonjol,Paprika,2025,0.0,0.0,0.0
Banten,3,Produksi Menengah dengan Komoditas Buah/Tropis Menonjol,Petsai Sawi,2025,8681.547999999999,2681.268,6000.279999999999
Banten,3,Produksi Menengah dengan Komoditas Buah/Tropis Menonjol,Semangka,2025,824.5,2793.1945,-1968.6945
Banten,3,Produksi Menengah dengan Komoditas Buah/Tropis Menonjol,Stroberi,2025,0.0,0.0,0.0
Banten,3,Produksi Menengah dengan Komoditas Buah/Tropis Menonjol,Terung,2025,1643.572,4316.5445,-2672.9725
Banten,3,Produksi Menengah dengan Komoditas Buah/Tropis Menonjol,Tomat,2025,496.371,1944.5935,-1448.2224999999999
Banten,3,Produksi Menengah dengan Komoditas Buah/Tropis Menonjol,Wortel,2025,135.0,0.0,135.0
Banten,3,Produksi Menengah dengan Komoditas Buah/Tropis Menonjol,Cabai Besar Tw Teropong,2025,321.332,1120.684,-799.352
Banten,3,Produksi Menengah dengan Komoditas Buah/Tropis Menonjol,Cabai Keriting,2025,7521.563,3350.4399999999996,4171.1230000000005
Banten,3,Produksi Menengah dengan Komoditas Buah/Tropis Menonjol,Jamur Tiram,2025,107.917,56.42,51.497
Banten,3,Produksi Menengah dengan Komoditas Buah/Tropis Menonjol,Jamur Merang,2025,0.2,0.0,0.2
Banten,3,Produksi Menengah dengan Komoditas Buah/Tropis Menonjol,Jamur Lainnya,2025,26.0,0.005,25.995
Bengkulu,1,Produksi Tinggi dengan Hortikultura Dataran Tinggi Menonjol,Padi,2025,266567.0,1382697.0,-1116130.0
Bengkulu,1,Produksi Tinggi dengan Hortikultura Dataran Tinggi Menonjol,Jagung,2024,62876.83,293052.3,-230175.46999999997
Bengkulu,1,Produksi Tinggi dengan Hortikultura Dataran Tinggi Menonjol,Alpukat,2025,8226.831,15818.154,-7591.323
Bengkulu,1,Produksi Tinggi dengan Hortikultura Dataran Tinggi Menonjol,Anggur,2025,3.5,13.408,-9.908
Bengkulu,1,Produksi Tinggi dengan Hortikultura Dataran Tinggi Menonjol,Apel,2025,4.464,0.1,4.364000000000001
Bengkulu,1,Produksi Tinggi dengan Hortikultura Dataran Tinggi Menonjol,Belimbing,2025,197.507,534.188,-336.681
Bengkulu,1,Produksi Tinggi dengan Hortikultura Dataran Tinggi Menonjol,Duku Langsat Kokosan,2025,493.97,4868.984,-4375.014
Bengkulu,1,Produksi Tinggi dengan Hortikultura Dataran Tinggi Menonjol,Durian,2025,15432.825,50551.826,-35119.001000000004
Bengkulu,1,Produksi Tinggi dengan Hortikultura Dataran Tinggi Menonjol,Jambu Air,2025,682.9399999999999,3459.0160000000005,-2776.0760000000005
Bengkulu,1,Produksi Tinggi dengan Hortikultura Dataran Tinggi Menonjol,Jambu Biji,2025,1846.095,5101.7300000000005,-3255.635
Bengkulu,1,Produksi Tinggi dengan Hortikultura Dataran Tinggi Menonjol,Jengkol,2025,4621.794,4621.794,0.0
Bengkulu,1,Produksi Tinggi dengan Hortikultura Dataran Tinggi Menonjol,Jeruk Besar,2025,6.7,353.255,-346.555
Bengkulu,1,Produksi Tinggi dengan Hortikultura Dataran Tinggi Menonjol,Jeruk Siam Keprok,2025,14800.966,29358.92,-14557.953999999998
Bengkulu,1,Produksi Tinggi dengan Hortikultura Dataran Tinggi Menonjol,Mangga,2025,3833.905,23588.604,-19754.699
Bengkulu,1,Produksi Tinggi dengan Hortikultura Dataran Tinggi Menonjol,Manggis,2025,4652.932,6179.477,-1526.545
Bengkulu,1,Produksi Tinggi dengan Hortikultura Dataran Tinggi Menonjol,Melinjo,2025,249.659,749.5899999999999,-499.9309999999999
Bengkulu,1,Produksi Tinggi dengan Hortikultura Dataran Tinggi Menonjol,Nangka Cempedak,2025,3932.293,12718.634,-8786.341
Bengkulu,1,Produksi Tinggi dengan Hortikultura Dataran Tinggi Menonjol,Nenas,2025,128.261,17836.272,-17708.011000000002
Bengkulu,1,Produksi Tinggi dengan Hortikultura Dataran Tinggi Menonjol,Pepaya,2025,112814.275,30850.583,81963.692
Bengkulu,1,Produksi Tinggi dengan Hortikultura Dataran Tinggi Menonjol,Petai,2025,2337.795,2337.795,0.0
Bengkulu,1,Produksi Tinggi dengan Hortikultura Dataran Tinggi Menonjol,Pisang,2025,13133.126,134617.75,-121484.624
Bengkulu,1,Produksi Tinggi dengan Hortikultura Dataran Tinggi Menonjol,Rambutan,2025,2929.163,10445.254,-7516.091
Bengkulu,1,Produksi Tinggi dengan Hortikultura Dataran Tinggi Menonjol,Salak,2025,1325.1219999999998,1338.267,-13.14500000000021
Bengkulu,1,Produksi Tinggi dengan Hortikultura Dataran Tinggi Menonjol,Sawo,2025,990.914,2752.802,-1761.8880000000001
Bengkulu,1,Produksi Tinggi dengan Hortikultura Dataran Tinggi Menonjol,Sirsak,2025,242.881,1601.452,-1358.571
Bengkulu,1,Produksi Tinggi dengan Hortikultura Dataran Tinggi Menonjol,Sukun,2025,229.43,1617.9,-1388.47
Bengkulu,1,Produksi Tinggi dengan Hortikultura Dataran Tinggi Menonjol,Buah Naga,2025,67.64500000000001,3801.609,-3733.964
Bengkulu,1,Produksi Tinggi dengan Hortikultura Dataran Tinggi Menonjol,Jeruk Lemon,2025,15.31,966.505,-951.195
Bengkulu,1,Produksi Tinggi dengan Hortikultura Dataran Tinggi Menonjol,Lengkeng,2025,760.5,510.205,250.29500000000002
Bengkulu,1,Produksi Tinggi dengan Hortikultura Dataran Tinggi Menonjol,Bawang Daun,2025,4041.598,4013.352,28.246000000000095
Bengkulu,1,Produksi Tinggi dengan Hortikultura Dataran Tinggi Menonjol,Bawang Merah,2025,577.65,13281.55,-12703.9
Bengkulu,1,Produksi Tinggi dengan Hortikultura Dataran Tinggi Menonjol,Bawang Putih,2025,4.0,0.2,3.8
Bengkulu,1,Produksi Tinggi dengan Hortikultura Dataran Tinggi Menonjol,Bayam,2025,265.707,4230.219,-3964.512
Bengkulu,1,Produksi Tinggi dengan Hortikultura Dataran Tinggi Menonjol,Buncis,2025,10306.635,4233.31,6073.325
Bengkulu,1,Produksi Tinggi dengan Hortikultura Dataran Tinggi Menonjol,Cabai Rawit,2025,24032.015,27280.977000000003,-3248.962000000003
Bengkulu,1,Produksi Tinggi dengan Hortikultura Dataran Tinggi Menonjol,Kacang Panjang,2025,12902.219,7758.957,5143.261999999999
Bengkulu,1,Produksi Tinggi dengan Hortikultura Dataran Tinggi Menonjol,Kangkung,2025,807.6279999999999,7019.041,-6211.4130000000005
Bengkulu,1,Produksi Tinggi dengan Hortikultura Dataran Tinggi Menonjol,Kembang Kol,2025,2543.825,801.15,1742.6749999999997
Bengkulu,1,Produksi Tinggi dengan Hortikultura Dataran Tinggi Menonjol,Kentang,2025,2162.4,2162.4,0.0
Bengkulu,1,Produksi Tinggi dengan Hortikultura Dataran Tinggi Menonjol,Ketimun,2025,13685.74,6146.168,7539.572
Bengkulu,1,Produksi Tinggi dengan Hortikultura Dataran Tinggi Menonjol,Kubis,2025,8431.6,11576.85,-3145.25
Bengkulu,1,Produksi Tinggi dengan Hortikultura Dataran Tinggi Menonjol,Labu Siam,2025,5660.6,7958.75,-2298.1499999999996
Bengkulu,1,Produksi Tinggi dengan Hortikultura Dataran Tinggi Menonjol,Melon,2025,615.6600000000001,830.5649999999999,-214.90499999999986
Bengkulu,1,Produksi Tinggi dengan Hortikultura Dataran Tinggi Menonjol,Paprika,2025,0.0,3.0,-3.0
Bengkulu,1,Produksi Tinggi dengan Hortikultura Dataran Tinggi Menonjol,Petsai Sawi,2025,8388.228,11414.652,-3026.424000000001
Bengkulu,1,Produksi Tinggi dengan Hortikultura Dataran Tinggi Menonjol,Semangka,2025,1433.42,9174.8,-7741.379999999999
Bengkulu,1,Produksi Tinggi dengan Hortikultura Dataran Tinggi Menonjol,Stroberi,2025,11.7,26.3,-14.600000000000001
Bengkulu,1,Produksi Tinggi dengan Hortikultura Dataran Tinggi Menonjol,Terung,2025,20413.54,12491.988,7921.5520000000015
Bengkulu,1,Produksi Tinggi dengan Hortikultura Dataran Tinggi Menonjol,Tomat,2025,23964.93,23964.93,0.0
Bengkulu,1,Produksi Tinggi dengan Hortikultura Dataran Tinggi Menonjol,Wortel,2025,7832.0,6627.95,1204.0500000000002
Bengkulu,1,Produksi Tinggi dengan Hortikultura Dataran Tinggi Menonjol,Cabai Besar Tw Teropong,2025,19415.370000000003,2973.547,16441.823000000004
Bengkulu,1,Produksi Tinggi dengan Hortikultura Dataran Tinggi Menonjol,Cabai Keriting,2025,15893.857,15893.857,0.0
Bengkulu,1,Produksi Tinggi dengan Hortikultura Dataran Tinggi Menonjol,Jamur Tiram,2025,107.82,104.339,3.4809999999999945
Bengkulu,1,Produksi Tinggi dengan Hortikultura Dataran Tinggi Menonjol,Jamur Merang,2025,1.0,0.0,1.0
Bengkulu,1,Produksi Tinggi dengan Hortikultura Dataran Tinggi Menonjol,Jamur Lainnya,2025,0.0,0.0,0.0
DI Yogyakarta,3,Produksi Menengah dengan Komoditas Buah/Tropis Menonjol,Padi,2025,547510.0,302148.0,245362.0
DI Yogyakarta,3,Produksi Menengah dengan Komoditas Buah/Tropis Menonjol,Jagung,2024,189378.3,10129.869999999999,179248.43
DI Yogyakarta,3,Produksi Menengah dengan Komoditas Buah/Tropis Menonjol,Alpukat,2025,16119.151999999998,915.872,15203.279999999999
DI Yogyakarta,3,Produksi Menengah dengan Komoditas Buah/Tropis Menonjol,Anggur,2025,77.985,3.929,74.056
DI Yogyakarta,3,Produksi Menengah dengan Komoditas Buah/Tropis Menonjol,Apel,2025,0.0,0.0,0.0
DI Yogyakarta,3,Produksi Menengah dengan Komoditas Buah/Tropis Menonjol,Belimbing,2025,1003.24,382.85699999999997,620.383
DI Yogyakarta,3,Produksi Menengah dengan Komoditas Buah/Tropis Menonjol,Duku Langsat Kokosan,2025,1489.345,5426.088,-3936.7429999999995
DI Yogyakarta,3,Produksi Menengah dengan Komoditas Buah/Tropis Menonjol,Durian,2025,11549.956,11078.991,470.96500000000015
DI Yogyakarta,3,Produksi Menengah dengan Komoditas Buah/Tropis Menonjol,Jambu Air,2025,4163.666,1044.969,3118.697
DI Yogyakarta,3,Produksi Menengah dengan Komoditas Buah/Tropis Menonjol,Jambu Biji,2025,7432.505,1887.7305000000001,5544.7744999999995
DI Yogyakarta,3,Produksi Menengah dengan Komoditas Buah/Tropis Menonjol,Jengkol,2025,29.847,558.8225,-528.9755
DI Yogyakarta,3,Produksi Menengah dengan Komoditas Buah/Tropis Menonjol,Jeruk Besar,2025,65.17,104.0915,-38.921499999999995
DI Yogyakarta,3,Produksi Menengah dengan Komoditas Buah/Tropis Menonjol,Jeruk Siam Keprok,2025,3016.812,6858.23,-3841.4179999999997
DI Yogyakarta,3,Produksi Menengah dengan Komoditas Buah/Tropis Menonjol,Mangga,2025,43225.58,5644.977500000001,37580.6025
DI Yogyakarta,3,Produksi Menengah dengan Komoditas Buah/Tropis Menonjol,Manggis,2025,2473.656,613.4375,1860.2185
DI Yogyakarta,3,Produksi Menengah dengan Komoditas Buah/Tropis Menonjol,Melinjo,2025,27876.507,197.5325,27678.9745
DI Yogyakarta,3,Produksi Menengah dengan Komoditas Buah/Tropis Menonjol,Nangka Cempedak,2025,22011.111,6747.8255,15263.285500000002
DI Yogyakarta,3,Produksi Menengah dengan Komoditas Buah/Tropis Menonjol,Nenas,2025,906.191,4922.494,-4016.303
DI Yogyakarta,3,Produksi Menengah dengan Komoditas Buah/Tropis Menonjol,Pepaya,2025,17142.470999999998,13265.7045,3876.766499999998
DI Yogyakarta,3,Produksi Menengah dengan Komoditas Buah/Tropis Menonjol,Petai,2025,8875.304,1136.0149999999999,7739.289000000001
DI Yogyakarta,3,Produksi Menengah dengan Komoditas Buah/Tropis Menonjol,Pisang,2025,95555.56,63802.330500000004,31753.229499999994
DI Yogyakarta,3,Produksi Menengah dengan Komoditas Buah/Tropis Menonjol,Rambutan,2025,18184.472,13072.754,5111.718000000001
DI Yogyakarta,3,Produksi Menengah dengan Komoditas Buah/Tropis Menonjol,Salak,2025,45500.824,1462.0205,44038.8035
DI Yogyakarta,3,Produksi Menengah dengan Komoditas Buah/Tropis Menonjol,Sawo,2025,4750.398,1063.2655,3687.1325
DI Yogyakarta,3,Produksi Menengah dengan Komoditas Buah/Tropis Menonjol,Sirsak,2025,1619.096,821.9984999999999,797.0975000000001
DI Yogyakarta,3,Produksi Menengah dengan Komoditas Buah/Tropis Menonjol,Sukun,2025,10341.21,1753.6075,8587.602499999999
DI Yogyakarta,3,Produksi Menengah dengan Komoditas Buah/Tropis Menonjol,Buah Naga,2025,1648.6740000000002,983.7665,664.9075000000003
DI Yogyakarta,3,Produksi Menengah dengan Komoditas Buah/Tropis Menonjol,Jeruk Lemon,2025,118.037,177.762,-59.724999999999994
DI Yogyakarta,3,Produksi Menengah dengan Komoditas Buah/Tropis Menonjol,Lengkeng,2025,3182.548,207.51850000000002,2975.0294999999996
DI Yogyakarta,3,Produksi Menengah dengan Komoditas Buah/Tropis Menonjol,Bawang Daun,2025,330.15,466.87449999999995,-136.72449999999998
DI Yogyakarta,3,Produksi Menengah dengan Komoditas Buah/Tropis Menonjol,Bawang Merah,2025,26718.601,208.027,26510.574
DI Yogyakarta,3,Produksi Menengah dengan Komoditas Buah/Tropis Menonjol,Bawang Putih,2025,0.0,0.0,0.0
DI Yogyakarta,3,Produksi Menengah dengan Komoditas Buah/Tropis Menonjol,Bayam,2025,3182.638,2889.3695,293.26850000000013
DI Yogyakarta,3,Produksi Menengah dengan Komoditas Buah/Tropis Menonjol,Buncis,2025,151.86,356.7145,-204.85449999999997
DI Yogyakarta,3,Produksi Menengah dengan Komoditas Buah/Tropis Menonjol,Cabai Rawit,2025,25029.913,6465.9985,18563.9145
DI Yogyakarta,3,Produksi Menengah dengan Komoditas Buah/Tropis Menonjol,Kacang Panjang,2025,1737.114,3108.3365000000003,-1371.2225000000003
DI Yogyakarta,3,Produksi Menengah dengan Komoditas Buah/Tropis Menonjol,Kangkung,2025,5871.9,4972.4765,899.4234999999999
DI Yogyakarta,3,Produksi Menengah dengan Komoditas Buah/Tropis Menonjol,Kembang Kol,2025,55.722,0.0025,55.719500000000004
DI Yogyakarta,3,Produksi Menengah dengan Komoditas Buah/Tropis Menonjol,Kentang,2025,0.0,0.0,0.0
DI Yogyakarta,3,Produksi Menengah dengan Komoditas Buah/Tropis Menonjol,Ketimun,2025,1038.75,3745.6745,-2706.9245
DI Yogyakarta,3,Produksi Menengah dengan Komoditas Buah/Tropis Menonjol,Kubis,2025,0.5780000000000001,0.28900000000000003,0.28900000000000003
DI Yogyakarta,3,Produksi Menengah dengan Komoditas Buah/Tropis Menonjol,Labu Siam,2025,20.005000000000003,118.418,-98.41300000000001
DI Yogyakarta,3,Produksi Menengah dengan Komoditas Buah/Tropis Menonjol,Melon,2025,6663.87,306.0095,6357.8605
DI Yogyakarta,3,Produksi Menengah dengan Komoditas Buah/Tropis Menonjol,Paprika,2025,0.0,0.0,0.0
DI Yogyakarta,3,Produksi Menengah dengan Komoditas Buah/Tropis Menonjol,Petsai Sawi,2025,3390.058,2681.268,708.79
DI Yogyakarta,3,Produksi Menengah dengan Komoditas Buah/Tropis Menonjol,Semangka,2025,4366.611,2793.1945,1573.4164999999998
DI Yogyakarta,3,Produksi Menengah dengan Komoditas Buah/Tropis Menonjol,Stroberi,2025,1.765,0.0,1.765
DI Yogyakarta,3,Produksi Menengah dengan Komoditas Buah/Tropis Menonjol,Terung,2025,2824.681,4316.5445,-1491.8635
DI Yogyakarta,3,Produksi Menengah dengan Komoditas Buah/Tropis Menonjol,Tomat,2025,667.76,1944.5935,-1276.8335
DI Yogyakarta,3,Produksi Menengah dengan Komoditas Buah/Tropis Menonjol,Wortel,2025,0.0,0.0,0.0
DI Yogyakarta,3,Produksi Menengah dengan Komoditas Buah/Tropis Menonjol,Cabai Besar Tw Teropong,2025,2807.518,1120.684,1686.834
DI Yogyakarta,3,Produksi Menengah dengan Komoditas Buah/Tropis Menonjol,Cabai Keriting,2025,45171.772,3350.4399999999996,41821.331999999995
DI Yogyakarta,3,Produksi Menengah dengan Komoditas Buah/Tropis Menonjol,Jamur Tiram,2025,1885.058,56.42,1828.638
DI Yogyakarta,3,Produksi Menengah dengan Komoditas Buah/Tropis Menonjol,Jamur Merang,2025,26.69,0.0,26.69
DI Yogyakarta,3,Produksi Menengah dengan Komoditas Buah/Tropis Menonjol,Jamur Lainnya,2025,12.09,0.005,12.084999999999999
DKI Jakarta,0,Produksi Multi-Komoditas Relatif Rendah,Padi,2025,1487.0,2832.0,-1345.0
DKI Jakarta,0,Produksi Multi-Komoditas Relatif Rendah,Jagung,2024,0.0,2909.1949999999997,-2909.1949999999997
DKI Jakarta,0,Produksi Multi-Komoditas Relatif Rendah,Alpukat,2025,150.865,59.8615,91.0035
DKI Jakarta,0,Produksi Multi-Komoditas Relatif Rendah,Anggur,2025,17.766,0.0,17.766
DKI Jakarta,0,Produksi Multi-Komoditas Relatif Rendah,Apel,2025,0.0,0.0,0.0
DKI Jakarta,0,Produksi Multi-Komoditas Relatif Rendah,Belimbing,2025,2161.263,47.055,2114.208
DKI Jakarta,0,Produksi Multi-Komoditas Relatif Rendah,Duku Langsat Kokosan,2025,4.41,79.773,-75.363
DKI Jakarta,0,Produksi Multi-Komoditas Relatif Rendah,Durian,2025,184.49,295.93100000000004,-111.44100000000003
DKI Jakarta,0,Produksi Multi-Komoditas Relatif Rendah,Jambu Air,2025,8092.324,45.528,8046.795999999999
DKI Jakarta,0,Produksi Multi-Komoditas Relatif Rendah,Jambu Biji,2025,1127.915,113.725,1014.1899999999999
DKI Jakarta,0,Produksi Multi-Komoditas Relatif Rendah,Jengkol,2025,0.108,0.054,0.054
DKI Jakarta,0,Produksi Multi-Komoditas Relatif Rendah,Jeruk Besar,2025,7.639,7.974499999999999,-0.3354999999999988
DKI Jakarta,0,Produksi Multi-Komoditas Relatif Rendah,Jeruk Siam Keprok,2025,111.369,152.947,-41.578
DKI Jakarta,0,Produksi Multi-Komoditas Relatif Rendah,Mangga,2025,13762.731,776.0500000000001,12986.681
DKI Jakarta,0,Produksi Multi-Komoditas Relatif Rendah,Manggis,2025,200.775,0.905,199.87
DKI Jakarta,0,Produksi Multi-Komoditas Relatif Rendah,Melinjo,2025,63.908,3.1665,60.7415
DKI Jakarta,0,Produksi Multi-Komoditas Relatif Rendah,Nangka Cempedak,2025,472.78,201.131,271.649
DKI Jakarta,0,Produksi Multi-Komoditas Relatif Rendah,Nenas,2025,1.192,24.266,-23.073999999999998
DKI Jakarta,0,Produksi Multi-Komoditas Relatif Rendah,Pepaya,2025,1668.158,629.3465,1038.8114999999998
DKI Jakarta,0,Produksi Multi-Komoditas Relatif Rendah,Petai,2025,26.338,14.995000000000001,11.343
DKI Jakarta,0,Produksi Multi-Komoditas Relatif Rendah,Pisang,2025,10683.242,2206.464,8476.778
DKI Jakarta,0,Produksi Multi-Komoditas Relatif Rendah,Rambutan,2025,3411.802,834.183,2577.619
DKI Jakarta,0,Produksi Multi-Komoditas Relatif Rendah,Salak,2025,5.68,64.215,-58.535000000000004
DKI Jakarta,0,Produksi Multi-Komoditas Relatif Rendah,Sawo,2025,229.318,0.55,228.768
DKI Jakarta,0,Produksi Multi-Komoditas Relatif Rendah,Sirsak,2025,72.983,30.4675,42.5155
DKI Jakarta,0,Produksi Multi-Komoditas Relatif Rendah,Sukun,2025,181.809,113.11500000000001,68.69399999999999
DKI Jakarta,0,Produksi Multi-Komoditas Relatif Rendah,Buah Naga,2025,5.92,2.975,2.945
DKI Jakarta,0,Produksi Multi-Komoditas Relatif Rendah,Jeruk Lemon,2025,342.158,3.5035,338.65450000000004
DKI Jakarta,0,Produksi Multi-Komoditas Relatif Rendah,Lengkeng,2025,14.063999999999998,0.0,14.063999999999998
DKI Jakarta,0,Produksi Multi-Komoditas Relatif Rendah,Bawang Daun,2025,0.0,48.7125,-48.7125
DKI Jakarta,0,Produksi Multi-Komoditas Relatif Rendah,Bawang Merah,2025,5.273,35.7705,-30.4975
DKI Jakarta,0,Produksi Multi-Komoditas Relatif Rendah,Bawang Putih,2025,0.0,0.0,0.0
DKI Jakarta,0,Produksi Multi-Komoditas Relatif Rendah,Bayam,2025,2452.203,701.2280000000001,1750.975
DKI Jakarta,0,Produksi Multi-Komoditas Relatif Rendah,Buncis,2025,0.0,57.0675,-57.0675
DKI Jakarta,0,Produksi Multi-Komoditas Relatif Rendah,Cabai Rawit,2025,42.193,961.003,-918.8100000000001
DKI Jakarta,0,Produksi Multi-Komoditas Relatif Rendah,Kacang Panjang,2025,0.023,512.3185,-512.2955
DKI Jakarta,0,Produksi Multi-Komoditas Relatif Rendah,Kangkung,2025,3191.884,1721.0525,1470.8315
DKI Jakarta,0,Produksi Multi-Komoditas Relatif Rendah,Kembang Kol,2025,47.147000000000006,16.8215,30.325500000000005
DKI Jakarta,0,Produksi Multi-Komoditas Relatif Rendah,Kentang,2025,0.0,0.0,0.0
DKI Jakarta,0,Produksi Multi-Komoditas Relatif Rendah,Ketimun,2025,0.0,256.3625,-256.3625
DKI Jakarta,0,Produksi Multi-Komoditas Relatif Rendah,Kubis,2025,0.0,19.008499999999998,-19.008499999999998
DKI Jakarta,0,Produksi Multi-Komoditas Relatif Rendah,Labu Siam,2025,6.4,72.89999999999999,-66.49999999999999
DKI Jakarta,0,Produksi Multi-Komoditas Relatif Rendah,Melon,2025,0.79,42.05,-41.26
DKI Jakarta,0,Produksi Multi-Komoditas Relatif Rendah,Paprika,2025,0.0,0.0,0.0
DKI Jakarta,0,Produksi Multi-Komoditas Relatif Rendah,Petsai Sawi,2025,1915.871,1080.81,835.0610000000001
DKI Jakarta,0,Produksi Multi-Komoditas Relatif Rendah,Semangka,2025,0.0,225.85,-225.85
DKI Jakarta,0,Produksi Multi-Komoditas Relatif Rendah,Stroberi,2025,0.0,0.0,0.0
DKI Jakarta,0,Produksi Multi-Komoditas Relatif Rendah,Terung,2025,52.839,734.596,-681.7570000000001
DKI Jakarta,0,Produksi Multi-Komoditas Relatif Rendah,Tomat,2025,2.997,545.655,-542.658
DKI Jakarta,0,Produksi Multi-Komoditas Relatif Rendah,Wortel,2025,0.0,0.0,0.0
DKI Jakarta,0,Produksi Multi-Komoditas Relatif Rendah,Cabai Besar Tw Teropong,2025,0.032,48.713,-48.681000000000004
DKI Jakarta,0,Produksi Multi-Komoditas Relatif Rendah,Cabai Keriting,2025,0.066,43.097,-43.031
DKI Jakarta,0,Produksi Multi-Komoditas Relatif Rendah,Jamur Tiram,2025,0.0,0.0,0.0
DKI Jakarta,0,Produksi Multi-Komoditas Relatif Rendah,Jamur Merang,2025,0.0,0.0,0.0
DKI Jakarta,0,Produksi Multi-Komoditas Relatif Rendah,Jamur Lainnya,2025,0.0,0.0,0.0
Gorontalo,0,Produksi Multi-Komoditas Relatif Rendah,Padi,2025,281171.0,2832.0,278339.0
Gorontalo,0,Produksi Multi-Komoditas Relatif Rendah,Jagung,2024,625972.1,2909.1949999999997,623062.905
Gorontalo,0,Produksi Multi-Komoditas Relatif Rendah,Alpukat,2025,149.41500000000002,59.8615,89.55350000000001
Gorontalo,0,Produksi Multi-Komoditas Relatif Rendah,Anggur,2025,0.0,0.0,0.0
Gorontalo,0,Produksi Multi-Komoditas Relatif Rendah,Apel,2025,0.0,0.0,0.0
Gorontalo,0,Produksi Multi-Komoditas Relatif Rendah,Belimbing,2025,10.1,47.055,-36.955
Gorontalo,0,Produksi Multi-Komoditas Relatif Rendah,Duku Langsat Kokosan,2025,164.695,79.773,84.922
Gorontalo,0,Produksi Multi-Komoditas Relatif Rendah,Durian,2025,6294.432,295.93100000000004,5998.501
Gorontalo,0,Produksi Multi-Komoditas Relatif Rendah,Jambu Air,2025,4.982,45.528,-40.546
Gorontalo,0,Produksi Multi-Komoditas Relatif Rendah,Jambu Biji,2025,15.922,113.725,-97.803
Gorontalo,0,Produksi Multi-Komoditas Relatif Rendah,Jengkol,2025,1.98,0.054,1.926
Gorontalo,0,Produksi Multi-Komoditas Relatif Rendah,Jeruk Besar,2025,560.5,7.974499999999999,552.5255
Gorontalo,0,Produksi Multi-Komoditas Relatif Rendah,Jeruk Siam Keprok,2025,26393.74,152.947,26240.793
Gorontalo,0,Produksi Multi-Komoditas Relatif Rendah,Mangga,2025,3260.268,776.0500000000001,2484.218
Gorontalo,0,Produksi Multi-Komoditas Relatif Rendah,Manggis,2025,1.8,0.905,0.895
Gorontalo,0,Produksi Multi-Komoditas Relatif Rendah,Melinjo,2025,0.0,3.1665,-3.1665
Gorontalo,0,Produksi Multi-Komoditas Relatif Rendah,Nangka Cempedak,2025,853.4,201.131,652.269
Gorontalo,0,Produksi Multi-Komoditas Relatif Rendah,Nenas,2025,354.09000000000003,24.266,329.824
Gorontalo,0,Produksi Multi-Komoditas Relatif Rendah,Pepaya,2025,891.1200000000001,629.3465,261.7735000000001
Gorontalo,0,Produksi Multi-Komoditas Relatif Rendah,Petai,2025,3.652,14.995000000000001,-11.343
Gorontalo,0,Produksi Multi-Komoditas Relatif Rendah,Pisang,2025,6009.731,2206.464,3803.267
Gorontalo,0,Produksi Multi-Komoditas Relatif Rendah,Rambutan,2025,1326.75,834.183,492.567
Gorontalo,0,Produksi Multi-Komoditas Relatif Rendah,Salak,2025,107.82,64.215,43.60499999999999
Gorontalo,0,Produksi Multi-Komoditas Relatif Rendah,Sawo,2025,1.0,0.55,0.44999999999999996
Gorontalo,0,Produksi Multi-Komoditas Relatif Rendah,Sirsak,2025,14.063999999999998,30.4675,-16.4035
Gorontalo,0,Produksi Multi-Komoditas Relatif Rendah,Sukun,2025,4.926,113.11500000000001,-108.18900000000001
Gorontalo,0,Produksi Multi-Komoditas Relatif Rendah,Buah Naga,2025,45.6,2.975,42.625
Gorontalo,0,Produksi Multi-Komoditas Relatif Rendah,Jeruk Lemon,2025,0.9,3.5035,-2.6035
Gorontalo,0,Produksi Multi-Komoditas Relatif Rendah,Lengkeng,2025,1.2,0.0,1.2
Gorontalo,0,Produksi Multi-Komoditas Relatif Rendah,Bawang Daun,2025,55.525,48.7125,6.8125
Gorontalo,0,Produksi Multi-Komoditas Relatif Rendah,Bawang Merah,2025,37.1,35.7705,1.329500000000003
Gorontalo,0,Produksi Multi-Komoditas Relatif Rendah,Bawang Putih,2025,0.0,0.0,0.0
Gorontalo,0,Produksi Multi-Komoditas Relatif Rendah,Bayam,2025,4.951,701.2280000000001,-696.277
Gorontalo,0,Produksi Multi-Komoditas Relatif Rendah,Buncis,2025,0.0,57.0675,-57.0675
Gorontalo,0,Produksi Multi-Komoditas Relatif Rendah,Cabai Rawit,2025,11039.735,961.003,10078.732
Gorontalo,0,Produksi Multi-Komoditas Relatif Rendah,Kacang Panjang,2025,738.3,512.3185,225.98149999999998
Gorontalo,0,Produksi Multi-Komoditas Relatif Rendah,Kangkung,2025,603.72,1721.0525,-1117.3325
Gorontalo,0,Produksi Multi-Komoditas Relatif Rendah,Kembang Kol,2025,0.0,16.8215,-16.8215
Gorontalo,0,Produksi Multi-Komoditas Relatif Rendah,Kentang,2025,0.0,0.0,0.0
Gorontalo,0,Produksi Multi-Komoditas Relatif Rendah,Ketimun,2025,370.445,256.3625,114.08249999999998
Gorontalo,0,Produksi Multi-Komoditas Relatif Rendah,Kubis,2025,0.0,19.008499999999998,-19.008499999999998
Gorontalo,0,Produksi Multi-Komoditas Relatif Rendah,Labu Siam,2025,162.75,72.89999999999999,89.85000000000001
Gorontalo,0,Produksi Multi-Komoditas Relatif Rendah,Melon,2025,4.5,42.05,-37.55
Gorontalo,0,Produksi Multi-Komoditas Relatif Rendah,Paprika,2025,0.0,0.0,0.0
Gorontalo,0,Produksi Multi-Komoditas Relatif Rendah,Petsai Sawi,2025,24.93,1080.81,-1055.8799999999999
Gorontalo,0,Produksi Multi-Komoditas Relatif Rendah,Semangka,2025,251.4,225.85,25.55000000000001
Gorontalo,0,Produksi Multi-Komoditas Relatif Rendah,Stroberi,2025,0.0,0.0,0.0
Gorontalo,0,Produksi Multi-Komoditas Relatif Rendah,Terung,2025,1774.53,734.596,1039.934
Gorontalo,0,Produksi Multi-Komoditas Relatif Rendah,Tomat,2025,6478.37,545.655,5932.715
Gorontalo,0,Produksi Multi-Komoditas Relatif Rendah,Wortel,2025,0.0,0.0,0.0
Gorontalo,0,Produksi Multi-Komoditas Relatif Rendah,Cabai Besar Tw Teropong,2025,0.0,48.713,-48.713
Gorontalo,0,Produksi Multi-Komoditas Relatif Rendah,Cabai Keriting,2025,469.42,43.097,426.32300000000004
Gorontalo,0,Produksi Multi-Komoditas Relatif Rendah,Jamur Tiram,2025,0.059,0.0,0.059
Gorontalo,0,Produksi Multi-Komoditas Relatif Rendah,Jamur Merang,2025,0.0,0.0,0.0
Gorontalo,0,Produksi Multi-Komoditas Relatif Rendah,Jamur Lainnya,2025,0.0,0.0,0.0
Jambi,1,Produksi Tinggi dengan Hortikultura Dataran Tinggi Menonjol,Padi,2025,367791.0,1382697.0,-1014906.0
Jambi,1,Produksi Tinggi dengan Hortikultura Dataran Tinggi Menonjol,Jagung,2024,10530.87,293052.3,-282521.43
Jambi,1,Produksi Tinggi dengan Hortikultura Dataran Tinggi Menonjol,Alpukat,2025,20827.388,15818.154,5009.233999999999
Jambi,1,Produksi Tinggi dengan Hortikultura Dataran Tinggi Menonjol,Anggur,2025,2.48,13.408,-10.927999999999999
Jambi,1,Produksi Tinggi dengan Hortikultura Dataran Tinggi Menonjol,Apel,2025,0.0,0.1,-0.1
Jambi,1,Produksi Tinggi dengan Hortikultura Dataran Tinggi Menonjol,Belimbing,2025,1261.248,534.188,727.0600000000001
Jambi,1,Produksi Tinggi dengan Hortikultura Dataran Tinggi Menonjol,Duku Langsat Kokosan,2025,26428.803000000004,4868.984,21559.819000000003
Jambi,1,Produksi Tinggi dengan Hortikultura Dataran Tinggi Menonjol,Durian,2025,50551.826,50551.826,0.0
Jambi,1,Produksi Tinggi dengan Hortikultura Dataran Tinggi Menonjol,Jambu Air,2025,4589.139,3459.0160000000005,1130.1229999999996
Jambi,1,Produksi Tinggi dengan Hortikultura Dataran Tinggi Menonjol,Jambu Biji,2025,3374.534,5101.7300000000005,-1727.1960000000004
Jambi,1,Produksi Tinggi dengan Hortikultura Dataran Tinggi Menonjol,Jengkol,2025,9113.753,4621.794,4491.959000000001
Jambi,1,Produksi Tinggi dengan Hortikultura Dataran Tinggi Menonjol,Jeruk Besar,2025,241.835,353.255,-111.41999999999999
Jambi,1,Produksi Tinggi dengan Hortikultura Dataran Tinggi Menonjol,Jeruk Siam Keprok,2025,48771.426,29358.92,19412.506
Jambi,1,Produksi Tinggi dengan Hortikultura Dataran Tinggi Menonjol,Mangga,2025,8598.965,23588.604,-14989.639
Jambi,1,Produksi Tinggi dengan Hortikultura Dataran Tinggi Menonjol,Manggis,2025,16304.621,6179.477,10125.144
Jambi,1,Produksi Tinggi dengan Hortikultura Dataran Tinggi Menonjol,Melinjo,2025,2771.562,749.5899999999999,2021.972
Jambi,1,Produksi Tinggi dengan Hortikultura Dataran Tinggi Menonjol,Nangka Cempedak,2025,12718.634,12718.634,0.0
Jambi,1,Produksi Tinggi dengan Hortikultura Dataran Tinggi Menonjol,Nenas,2025,225714.995,17836.272,207878.723
Jambi,1,Produksi Tinggi dengan Hortikultura Dataran Tinggi Menonjol,Pepaya,2025,14948.6,30850.583,-15901.982999999998
Jambi,1,Produksi Tinggi dengan Hortikultura Dataran Tinggi Menonjol,Petai,2025,3834.262,2337.795,1496.467
Jambi,1,Produksi Tinggi dengan Hortikultura Dataran Tinggi Menonjol,Pisang,2025,43553.837,134617.75,-91063.913
Jambi,1,Produksi Tinggi dengan Hortikultura Dataran Tinggi Menonjol,Rambutan,2025,10568.615,10445.254,123.36099999999897
Jambi,1,Produksi Tinggi dengan Hortikultura Dataran Tinggi Menonjol,Salak,2025,6648.101,1338.267,5309.834
Jambi,1,Produksi Tinggi dengan Hortikultura Dataran Tinggi Menonjol,Sawo,2025,4526.875,2752.802,1774.0729999999999
Jambi,1,Produksi Tinggi dengan Hortikultura Dataran Tinggi Menonjol,Sirsak,2025,1601.452,1601.452,0.0
Jambi,1,Produksi Tinggi dengan Hortikultura Dataran Tinggi Menonjol,Sukun,2025,5143.218,1617.9,3525.3179999999998
Jambi,1,Produksi Tinggi dengan Hortikultura Dataran Tinggi Menonjol,Buah Naga,2025,933.376,3801.609,-2868.233
Jambi,1,Produksi Tinggi dengan Hortikultura Dataran Tinggi Menonjol,Jeruk Lemon,2025,1340.608,966.505,374.10299999999995
Jambi,1,Produksi Tinggi dengan Hortikultura Dataran Tinggi Menonjol,Lengkeng,2025,2300.431,510.205,1790.226
Jambi,1,Produksi Tinggi dengan Hortikultura Dataran Tinggi Menonjol,Bawang Daun,2025,12287.4,4013.352,8274.047999999999
Jambi,1,Produksi Tinggi dengan Hortikultura Dataran Tinggi Menonjol,Bawang Merah,2025,21855.898,13281.55,8574.348000000002
Jambi,1,Produksi Tinggi dengan Hortikultura Dataran Tinggi Menonjol,Bawang Putih,2025,0.0,0.2,-0.2
Jambi,1,Produksi Tinggi dengan Hortikultura Dataran Tinggi Menonjol,Bayam,2025,4356.701,4230.219,126.48199999999997
Jambi,1,Produksi Tinggi dengan Hortikultura Dataran Tinggi Menonjol,Buncis,2025,6675.43,4233.31,2442.12
Jambi,1,Produksi Tinggi dengan Hortikultura Dataran Tinggi Menonjol,Cabai Rawit,2025,42173.875,27280.977000000003,14892.897999999997
Jambi,1,Produksi Tinggi dengan Hortikultura Dataran Tinggi Menonjol,Kacang Panjang,2025,6298.369000000001,7758.957,-1460.5879999999997
Jambi,1,Produksi Tinggi dengan Hortikultura Dataran Tinggi Menonjol,Kangkung,2025,5835.62,7019.041,-1183.4210000000003
Jambi,1,Produksi Tinggi dengan Hortikultura Dataran Tinggi Menonjol,Kembang Kol,2025,11419.4,801.15,10618.25
Jambi,1,Produksi Tinggi dengan Hortikultura Dataran Tinggi Menonjol,Kentang,2025,132836.2,2162.4,130673.80000000002
Jambi,1,Produksi Tinggi dengan Hortikultura Dataran Tinggi Menonjol,Ketimun,2025,6146.168,6146.168,0.0
Jambi,1,Produksi Tinggi dengan Hortikultura Dataran Tinggi Menonjol,Kubis,2025,87624.0,11576.85,76047.15
Jambi,1,Produksi Tinggi dengan Hortikultura Dataran Tinggi Menonjol,Labu Siam,2025,7958.75,7958.75,0.0
Jambi,1,Produksi Tinggi dengan Hortikultura Dataran Tinggi Menonjol,Melon,2025,734.162,830.5649999999999,-96.4029999999999
Jambi,1,Produksi Tinggi dengan Hortikultura Dataran Tinggi Menonjol,Paprika,2025,0.0,3.0,-3.0
Jambi,1,Produksi Tinggi dengan Hortikultura Dataran Tinggi Menonjol,Petsai Sawi,2025,36441.346000000005,11414.652,25026.694000000003
Jambi,1,Produksi Tinggi dengan Hortikultura Dataran Tinggi Menonjol,Semangka,2025,6493.849,9174.8,-2680.950999999999
Jambi,1,Produksi Tinggi dengan Hortikultura Dataran Tinggi Menonjol,Stroberi,2025,8.681999999999999,26.3,-17.618000000000002
Jambi,1,Produksi Tinggi dengan Hortikultura Dataran Tinggi Menonjol,Terung,2025,33768.551,12491.988,21276.563000000002
Jambi,1,Produksi Tinggi dengan Hortikultura Dataran Tinggi Menonjol,Tomat,2025,100281.408,23964.93,76316.478
Jambi,1,Produksi Tinggi dengan Hortikultura Dataran Tinggi Menonjol,Wortel,2025,17066.5,6627.95,10438.55
Jambi,1,Produksi Tinggi dengan Hortikultura Dataran Tinggi Menonjol,Cabai Besar Tw Teropong,2025,653.5,2973.547,-2320.047
Jambi,1,Produksi Tinggi dengan Hortikultura Dataran Tinggi Menonjol,Cabai Keriting,2025,213975.327,15893.857,198081.47
Jambi,1,Produksi Tinggi dengan Hortikultura Dataran Tinggi Menonjol,Jamur Tiram,2025,123.225,104.339,18.885999999999996
Jambi,1,Produksi Tinggi dengan Hortikultura Dataran Tinggi Menonjol,Jamur Merang,2025,0.0,0.0,0.0
Jambi,1,Produksi Tinggi dengan Hortikultura Dataran Tinggi Menonjol,Jamur Lainnya,2025,0.0,0.0,0.0
Jawa Barat,2,Sentra Produksi Multi-Komoditas Sangat Tinggi,Padi,2025,10226654.0,10226654.0,0.0
Jawa Barat,2,Sentra Produksi Multi-Komoditas Sangat Tinggi,Jagung,2024,564290.8,2426509.0,-1862218.2
Jawa Barat,2,Sentra Produksi Multi-Komoditas Sangat Tinggi,Alpukat,2025,112493.462,196190.798,-83697.33600000001
Jawa Barat,2,Sentra Produksi Multi-Komoditas Sangat Tinggi,Anggur,2025,339.446,237.445,102.00100000000003
Jawa Barat,2,Sentra Produksi Multi-Komoditas Sangat Tinggi,Apel,2025,0.0,18.1,-18.1
Jawa Barat,2,Sentra Produksi Multi-Komoditas Sangat Tinggi,Belimbing,2025,8747.115,18781.735,-10034.62
Jawa Barat,2,Sentra Produksi Multi-Komoditas Sangat Tinggi,Duku Langsat Kokosan,2025,9499.22,12858.253,-3359.0330000000013
Jawa Barat,2,Sentra Produksi Multi-Komoditas Sangat Tinggi,Durian,2025,103970.729,184190.187,-80219.458
Jawa Barat,2,Sentra Produksi Multi-Komoditas Sangat Tinggi,Jambu Air,2025,27976.731,27976.731,0.0
Jawa Barat,2,Sentra Produksi Multi-Komoditas Sangat Tinggi,Jambu Biji,2025,64383.831000000006,77208.017,-12824.186000000002
Jawa Barat,2,Sentra Produksi Multi-Komoditas Sangat Tinggi,Jengkol,2025,18545.4,13836.948,4708.452000000001
Jawa Barat,2,Sentra Produksi Multi-Komoditas Sangat Tinggi,Jeruk Besar,2025,7656.704,21459.792,-13803.088000000002
Jawa Barat,2,Sentra Produksi Multi-Komoditas Sangat Tinggi,Jeruk Siam Keprok,2025,51143.138,51143.138,0.0
Jawa Barat,2,Sentra Produksi Multi-Komoditas Sangat Tinggi,Mangga,2025,424833.165,545258.213,-120425.04800000001
Jawa Barat,2,Sentra Produksi Multi-Komoditas Sangat Tinggi,Manggis,2025,49781.502,34165.543,15615.959000000003
Jawa Barat,2,Sentra Produksi Multi-Komoditas Sangat Tinggi,Melinjo,2025,31440.669,31440.669,0.0
Jawa Barat,2,Sentra Produksi Multi-Komoditas Sangat Tinggi,Nangka Cempedak,2025,91153.242,139582.63400000002,-48429.39200000002
Jawa Barat,2,Sentra Produksi Multi-Komoditas Sangat Tinggi,Nenas,2025,215603.983,323296.156,-107692.17300000001
Jawa Barat,2,Sentra Produksi Multi-Komoditas Sangat Tinggi,Pepaya,2025,91797.938,148399.628,-56601.69
Jawa Barat,2,Sentra Produksi Multi-Komoditas Sangat Tinggi,Petai,2025,82207.347,82207.347,0.0
Jawa Barat,2,Sentra Produksi Multi-Komoditas Sangat Tinggi,Pisang,2025,1311578.673,1311578.673,0.0
Jawa Barat,2,Sentra Produksi Multi-Komoditas Sangat Tinggi,Rambutan,2025,122332.959,122332.959,0.0
Jawa Barat,2,Sentra Produksi Multi-Komoditas Sangat Tinggi,Salak,2025,9945.954,386041.446,-376095.49199999997
Jawa Barat,2,Sentra Produksi Multi-Komoditas Sangat Tinggi,Sawo,2025,20780.702,17578.735999999997,3201.966000000004
Jawa Barat,2,Sentra Produksi Multi-Komoditas Sangat Tinggi,Sirsak,2025,16137.399,20144.611,-4007.2120000000014
Jawa Barat,2,Sentra Produksi Multi-Komoditas Sangat Tinggi,Sukun,2025,24679.446,24679.446,0.0
Jawa Barat,2,Sentra Produksi Multi-Komoditas Sangat Tinggi,Buah Naga,2025,1786.563,2622.445,-835.8820000000001
Jawa Barat,2,Sentra Produksi Multi-Komoditas Sangat Tinggi,Jeruk Lemon,2025,20755.249,8450.788,12304.461
Jawa Barat,2,Sentra Produksi Multi-Komoditas Sangat Tinggi,Lengkeng,2025,1546.19,15017.689000000002,-13471.499000000002
Jawa Barat,2,Sentra Produksi Multi-Komoditas Sangat Tinggi,Bawang Daun,2025,156709.563,123190.143,33519.42
Jawa Barat,2,Sentra Produksi Multi-Komoditas Sangat Tinggi,Bawang Merah,2025,199415.401,500301.227,-300885.826
Jawa Barat,2,Sentra Produksi Multi-Komoditas Sangat Tinggi,Bawang Putih,2025,261.8,324.308,-62.50799999999998
Jawa Barat,2,Sentra Produksi Multi-Komoditas Sangat Tinggi,Bayam,2025,37279.898,16103.5,21176.398
Jawa Barat,2,Sentra Produksi Multi-Komoditas Sangat Tinggi,Buncis,2025,75280.20999999999,33046.815,42233.39499999999
Jawa Barat,2,Sentra Produksi Multi-Komoditas Sangat Tinggi,Cabai Rawit,2025,198791.659,266305.06200000003,-67513.40300000002
Jawa Barat,2,Sentra Produksi Multi-Komoditas Sangat Tinggi,Kacang Panjang,2025,66603.18299999999,31270.603000000003,35332.57999999999
Jawa Barat,2,Sentra Produksi Multi-Komoditas Sangat Tinggi,Kangkung,2025,68388.687,34535.228,33853.459
Jawa Barat,2,Sentra Produksi Multi-Komoditas Sangat Tinggi,Kembang Kol,2025,30636.365,28895.090000000004,1741.2749999999978
Jawa Barat,2,Sentra Produksi Multi-Komoditas Sangat Tinggi,Kentang,2025,237242.95,252624.232,-15381.281999999977
Jawa Barat,2,Sentra Produksi Multi-Komoditas Sangat Tinggi,Ketimun,2025,127456.072,62127.868,65328.204
Jawa Barat,2,Sentra Produksi Multi-Komoditas Sangat Tinggi,Kubis,2025,218922.057,210179.06,8742.997000000003
Jawa Barat,2,Sentra Produksi Multi-Komoditas Sangat Tinggi,Labu Siam,2025,91096.136,91096.136,0.0
Jawa Barat,2,Sentra Produksi Multi-Komoditas Sangat Tinggi,Melon,2025,1080.407,22086.169,-21005.762000000002
Jawa Barat,2,Sentra Produksi Multi-Komoditas Sangat Tinggi,Paprika,2025,1771.37,1771.37,0.0
Jawa Barat,2,Sentra Produksi Multi-Komoditas Sangat Tinggi,Petsai Sawi,2025,149803.017,97134.268,52668.748999999996
Jawa Barat,2,Sentra Produksi Multi-Komoditas Sangat Tinggi,Semangka,2025,4838.280000000001,46261.81,-41423.53
Jawa Barat,2,Sentra Produksi Multi-Komoditas Sangat Tinggi,Stroberi,2025,41718.55,578.914,41139.636000000006
Jawa Barat,2,Sentra Produksi Multi-Komoditas Sangat Tinggi,Terung,2025,118827.545,94180.995,24646.550000000003
Jawa Barat,2,Sentra Produksi Multi-Komoditas Sangat Tinggi,Tomat,2025,268431.069,126810.23,141620.83900000004
Jawa Barat,2,Sentra Produksi Multi-Komoditas Sangat Tinggi,Wortel,2025,84202.8,89213.55799999999,-5010.757999999987
Jawa Barat,2,Sentra Produksi Multi-Komoditas Sangat Tinggi,Cabai Besar Tw Teropong,2025,137216.821,104535.644,32681.176999999996
Jawa Barat,2,Sentra Produksi Multi-Komoditas Sangat Tinggi,Cabai Keriting,2025,221733.071,167398.271,54334.79999999999
Jawa Barat,2,Sentra Produksi Multi-Komoditas Sangat Tinggi,Jamur Tiram,2025,11505.899,11505.899,0.0
Jawa Barat,2,Sentra Produksi Multi-Komoditas Sangat Tinggi,Jamur Merang,2025,2065.669,172.96800000000002,1892.7009999999998
Jawa Barat,2,Sentra Produksi Multi-Komoditas Sangat Tinggi,Jamur Lainnya,2025,331.06,331.06,0.0
Jawa Tengah,2,Sentra Produksi Multi-Komoditas Sangat Tinggi,Padi,2025,9304063.0,10226654.0,-922591.0
Jawa Tengah,2,Sentra Produksi Multi-Komoditas Sangat Tinggi,Jagung,2024,2426509.0,2426509.0,0.0
Jawa Tengah,2,Sentra Produksi Multi-Komoditas Sangat Tinggi,Alpukat,2025,196190.798,196190.798,0.0
Jawa Tengah,2,Sentra Produksi Multi-Komoditas Sangat Tinggi,Anggur,2025,237.445,237.445,0.0
Jawa Tengah,2,Sentra Produksi Multi-Komoditas Sangat Tinggi,Apel,2025,18.1,18.1,0.0
Jawa Tengah,2,Sentra Produksi Multi-Komoditas Sangat Tinggi,Belimbing,2025,18781.735,18781.735,0.0
Jawa Tengah,2,Sentra Produksi Multi-Komoditas Sangat Tinggi,Duku Langsat Kokosan,2025,13459.439000000002,12858.253,601.1860000000015
Jawa Tengah,2,Sentra Produksi Multi-Komoditas Sangat Tinggi,Durian,2025,184190.187,184190.187,0.0
Jawa Tengah,2,Sentra Produksi Multi-Komoditas Sangat Tinggi,Jambu Air,2025,59282.162,27976.731,31305.430999999997
Jawa Tengah,2,Sentra Produksi Multi-Komoditas Sangat Tinggi,Jambu Biji,2025,95435.746,77208.017,18227.728999999992
Jawa Tengah,2,Sentra Produksi Multi-Komoditas Sangat Tinggi,Jengkol,2025,13836.948,13836.948,0.0
Jawa Tengah,2,Sentra Produksi Multi-Komoditas Sangat Tinggi,Jeruk Besar,2025,21459.792,21459.792,0.0
Jawa Tengah,2,Sentra Produksi Multi-Komoditas Sangat Tinggi,Jeruk Siam Keprok,2025,30967.947,51143.138,-20175.191
Jawa Tengah,2,Sentra Produksi Multi-Komoditas Sangat Tinggi,Mangga,2025,545258.213,545258.213,0.0
Jawa Tengah,2,Sentra Produksi Multi-Komoditas Sangat Tinggi,Manggis,2025,12147.288,34165.543,-22018.254999999997
Jawa Tengah,2,Sentra Produksi Multi-Komoditas Sangat Tinggi,Melinjo,2025,48380.202000000005,31440.669,16939.533000000003
Jawa Tengah,2,Sentra Produksi Multi-Komoditas Sangat Tinggi,Nangka Cempedak,2025,139582.63400000002,139582.63400000002,0.0
Jawa Tengah,2,Sentra Produksi Multi-Komoditas Sangat Tinggi,Nenas,2025,323296.156,323296.156,0.0
Jawa Tengah,2,Sentra Produksi Multi-Komoditas Sangat Tinggi,Pepaya,2025,148399.628,148399.628,0.0
Jawa Tengah,2,Sentra Produksi Multi-Komoditas Sangat Tinggi,Petai,2025,113282.82,82207.347,31075.473000000013
Jawa Tengah,2,Sentra Produksi Multi-Komoditas Sangat Tinggi,Pisang,2025,939759.501,1311578.673,-371819.1719999999
Jawa Tengah,2,Sentra Produksi Multi-Komoditas Sangat Tinggi,Rambutan,2025,99658.458,122332.959,-22674.501000000004
Jawa Tengah,2,Sentra Produksi Multi-Komoditas Sangat Tinggi,Salak,2025,412228.44,386041.446,26186.994000000006
Jawa Tengah,2,Sentra Produksi Multi-Komoditas Sangat Tinggi,Sawo,2025,14812.642000000002,17578.735999999997,-2766.0939999999955
Jawa Tengah,2,Sentra Produksi Multi-Komoditas Sangat Tinggi,Sirsak,2025,20144.611,20144.611,0.0
Jawa Tengah,2,Sentra Produksi Multi-Komoditas Sangat Tinggi,Sukun,2025,40118.946,24679.446,15439.500000000004
Jawa Tengah,2,Sentra Produksi Multi-Komoditas Sangat Tinggi,Buah Naga,2025,2622.445,2622.445,0.0
Jawa Tengah,2,Sentra Produksi Multi-Komoditas Sangat Tinggi,Jeruk Lemon,2025,4857.51,8450.788,-3593.2780000000002
Jawa Tengah,2,Sentra Produksi Multi-Komoditas Sangat Tinggi,Lengkeng,2025,16244.27,15017.689000000002,1226.5809999999983
Jawa Tengah,2,Sentra Produksi Multi-Komoditas Sangat Tinggi,Bawang Daun,2025,123190.143,123190.143,0.0
Jawa Tengah,2,Sentra Produksi Multi-Komoditas Sangat Tinggi,Bawang Merah,2025,584034.5009999999,500301.227,83733.27399999992
Jawa Tengah,2,Sentra Produksi Multi-Komoditas Sangat Tinggi,Bawang Putih,2025,23542.112,324.308,23217.804
Jawa Tengah,2,Sentra Produksi Multi-Komoditas Sangat Tinggi,Bayam,2025,16103.5,16103.5,0.0
Jawa Tengah,2,Sentra Produksi Multi-Komoditas Sangat Tinggi,Buncis,2025,33046.815,33046.815,0.0
Jawa Tengah,2,Sentra Produksi Multi-Komoditas Sangat Tinggi,Cabai Rawit,2025,266305.06200000003,266305.06200000003,0.0
Jawa Tengah,2,Sentra Produksi Multi-Komoditas Sangat Tinggi,Kacang Panjang,2025,18184.357,31270.603000000003,-13086.246000000003
Jawa Tengah,2,Sentra Produksi Multi-Komoditas Sangat Tinggi,Kangkung,2025,34535.228,34535.228,0.0
Jawa Tengah,2,Sentra Produksi Multi-Komoditas Sangat Tinggi,Kembang Kol,2025,26414.33,28895.090000000004,-2480.760000000002
Jawa Tengah,2,Sentra Produksi Multi-Komoditas Sangat Tinggi,Kentang,2025,357246.319,252624.232,104622.08700000003
Jawa Tengah,2,Sentra Produksi Multi-Komoditas Sangat Tinggi,Ketimun,2025,26657.992,62127.868,-35469.876000000004
Jawa Tengah,2,Sentra Produksi Multi-Komoditas Sangat Tinggi,Kubis,2025,200949.204,210179.06,-9229.856
Jawa Tengah,2,Sentra Produksi Multi-Komoditas Sangat Tinggi,Labu Siam,2025,103434.46,91096.136,12338.324000000008
Jawa Tengah,2,Sentra Produksi Multi-Komoditas Sangat Tinggi,Melon,2025,22086.169,22086.169,0.0
Jawa Tengah,2,Sentra Produksi Multi-Komoditas Sangat Tinggi,Paprika,2025,7.273999999999999,1771.37,-1764.096
Jawa Tengah,2,Sentra Produksi Multi-Komoditas Sangat Tinggi,Petsai Sawi,2025,97134.268,97134.268,0.0
Jawa Tengah,2,Sentra Produksi Multi-Komoditas Sangat Tinggi,Semangka,2025,46261.81,46261.81,0.0
Jawa Tengah,2,Sentra Produksi Multi-Komoditas Sangat Tinggi,Stroberi,2025,429.699,578.914,-149.21499999999997
Jawa Tengah,2,Sentra Produksi Multi-Komoditas Sangat Tinggi,Terung,2025,57627.59,94180.995,-36553.405
Jawa Tengah,2,Sentra Produksi Multi-Komoditas Sangat Tinggi,Tomat,2025,113012.619,126810.23,-13797.61099999999
Jawa Tengah,2,Sentra Produksi Multi-Komoditas Sangat Tinggi,Wortel,2025,133966.95,89213.55799999999,44753.39200000002
Jawa Tengah,2,Sentra Produksi Multi-Komoditas Sangat Tinggi,Cabai Besar Tw Teropong,2025,50122.863,104535.644,-54412.781
Jawa Tengah,2,Sentra Produksi Multi-Komoditas Sangat Tinggi,Cabai Keriting,2025,167398.271,167398.271,0.0
Jawa Tengah,2,Sentra Produksi Multi-Komoditas Sangat Tinggi,Jamur Tiram,2025,8374.198,11505.899,-3131.700999999999
Jawa Tengah,2,Sentra Produksi Multi-Komoditas Sangat Tinggi,Jamur Merang,2025,37.39,172.96800000000002,-135.57800000000003
Jawa Tengah,2,Sentra Produksi Multi-Komoditas Sangat Tinggi,Jamur Lainnya,2025,709.191,331.06,378.13100000000003
Jawa Timur,2,Sentra Produksi Multi-Komoditas Sangat Tinggi,Padi,2025,10438361.0,10226654.0,211707.0
Jawa Timur,2,Sentra Produksi Multi-Komoditas Sangat Tinggi,Jagung,2024,4595792.0,2426509.0,2169283.0
Jawa Timur,2,Sentra Produksi Multi-Komoditas Sangat Tinggi,Alpukat,2025,286312.78500000003,196190.798,90121.98700000002
Jawa Timur,2,Sentra Produksi Multi-Komoditas Sangat Tinggi,Anggur,2025,200.454,237.445,-36.990999999999985
Jawa Timur,2,Sentra Produksi Multi-Komoditas Sangat Tinggi,Apel,2025,157897.127,18.1,157879.027
Jawa Timur,2,Sentra Produksi Multi-Komoditas Sangat Tinggi,Belimbing,2025,60250.311,18781.735,41468.576
Jawa Timur,2,Sentra Produksi Multi-Komoditas Sangat Tinggi,Duku Langsat Kokosan,2025,12858.253,12858.253,0.0
Jawa Timur,2,Sentra Produksi Multi-Komoditas Sangat Tinggi,Durian,2025,425183.091,184190.187,240992.904
Jawa Timur,2,Sentra Produksi Multi-Komoditas Sangat Tinggi,Jambu Air,2025,25958.07,27976.731,-2018.661
Jawa Timur,2,Sentra Produksi Multi-Komoditas Sangat Tinggi,Jambu Biji,2025,77208.017,77208.017,0.0
Jawa Timur,2,Sentra Produksi Multi-Komoditas Sangat Tinggi,Jengkol,2025,2494.144,13836.948,-11342.804
Jawa Timur,2,Sentra Produksi Multi-Komoditas Sangat Tinggi,Jeruk Besar,2025,34432.778000000006,21459.792,12972.986000000004
Jawa Timur,2,Sentra Produksi Multi-Komoditas Sangat Tinggi,Jeruk Siam Keprok,2025,1135171.265,51143.138,1084028.1269999999
Jawa Timur,2,Sentra Produksi Multi-Komoditas Sangat Tinggi,Mangga,2025,1303794.99,545258.213,758536.777
Jawa Timur,2,Sentra Produksi Multi-Komoditas Sangat Tinggi,Manggis,2025,34165.543,34165.543,0.0
Jawa Timur,2,Sentra Produksi Multi-Komoditas Sangat Tinggi,Melinjo,2025,22136.529,31440.669,-9304.140000000003
Jawa Timur,2,Sentra Produksi Multi-Komoditas Sangat Tinggi,Nangka Cempedak,2025,215126.49,139582.63400000002,75543.85599999997
Jawa Timur,2,Sentra Produksi Multi-Komoditas Sangat Tinggi,Nenas,2025,506409.556,323296.156,183113.39999999997
Jawa Timur,2,Sentra Produksi Multi-Komoditas Sangat Tinggi,Pepaya,2025,280299.971,148399.628,131900.34300000002
Jawa Timur,2,Sentra Produksi Multi-Komoditas Sangat Tinggi,Petai,2025,67592.073,82207.347,-14615.27399999999
Jawa Timur,2,Sentra Produksi Multi-Komoditas Sangat Tinggi,Pisang,2025,2810401.177,1311578.673,1498822.5040000002
Jawa Timur,2,Sentra Produksi Multi-Komoditas Sangat Tinggi,Rambutan,2025,142483.548,122332.959,20150.589000000007
Jawa Timur,2,Sentra Produksi Multi-Komoditas Sangat Tinggi,Salak,2025,386041.446,386041.446,0.0
Jawa Timur,2,Sentra Produksi Multi-Komoditas Sangat Tinggi,Sawo,2025,17578.735999999997,17578.735999999997,0.0
Jawa Timur,2,Sentra Produksi Multi-Komoditas Sangat Tinggi,Sirsak,2025,27290.102000000003,20144.611,7145.491000000002
Jawa Timur,2,Sentra Produksi Multi-Komoditas Sangat Tinggi,Sukun,2025,23987.914,24679.446,-691.5319999999992
Jawa Timur,2,Sentra Produksi Multi-Komoditas Sangat Tinggi,Buah Naga,2025,338806.009,2622.445,336183.564
Jawa Timur,2,Sentra Produksi Multi-Komoditas Sangat Tinggi,Jeruk Lemon,2025,8450.788,8450.788,0.0
Jawa Timur,2,Sentra Produksi Multi-Komoditas Sangat Tinggi,Lengkeng,2025,15017.689000000002,15017.689000000002,0.0
Jawa Timur,2,Sentra Produksi Multi-Komoditas Sangat Tinggi,Bawang Daun,2025,115937.798,123190.143,-7252.345000000001
Jawa Timur,2,Sentra Produksi Multi-Komoditas Sangat Tinggi,Bawang Merah,2025,500301.227,500301.227,0.0
Jawa Timur,2,Sentra Produksi Multi-Komoditas Sangat Tinggi,Bawang Putih,2025,324.308,324.308,0.0
Jawa Timur,2,Sentra Produksi Multi-Komoditas Sangat Tinggi,Bayam,2025,14895.638,16103.5,-1207.8619999999992
Jawa Timur,2,Sentra Produksi Multi-Komoditas Sangat Tinggi,Buncis,2025,26274.841,33046.815,-6771.974000000002
Jawa Timur,2,Sentra Produksi Multi-Komoditas Sangat Tinggi,Cabai Rawit,2025,603717.826,266305.06200000003,337412.76399999997
Jawa Timur,2,Sentra Produksi Multi-Komoditas Sangat Tinggi,Kacang Panjang,2025,31270.603000000003,31270.603000000003,0.0
Jawa Timur,2,Sentra Produksi Multi-Komoditas Sangat Tinggi,Kangkung,2025,33199.952000000005,34535.228,-1335.275999999998
Jawa Timur,2,Sentra Produksi Multi-Komoditas Sangat Tinggi,Kembang Kol,2025,28895.090000000004,28895.090000000004,0.0
Jawa Timur,2,Sentra Produksi Multi-Komoditas Sangat Tinggi,Kentang,2025,252624.232,252624.232,0.0
Jawa Timur,2,Sentra Produksi Multi-Komoditas Sangat Tinggi,Ketimun,2025,62127.868,62127.868,0.0
Jawa Timur,2,Sentra Produksi Multi-Komoditas Sangat Tinggi,Kubis,2025,210179.06,210179.06,0.0
Jawa Timur,2,Sentra Produksi Multi-Komoditas Sangat Tinggi,Labu Siam,2025,78854.088,91096.136,-12242.047999999995
Jawa Timur,2,Sentra Produksi Multi-Komoditas Sangat Tinggi,Melon,2025,60549.280000000006,22086.169,38463.111000000004
Jawa Timur,2,Sentra Produksi Multi-Komoditas Sangat Tinggi,Paprika,2025,4630.675,1771.37,2859.3050000000003
Jawa Timur,2,Sentra Produksi Multi-Komoditas Sangat Tinggi,Petsai Sawi,2025,83320.809,97134.268,-13813.459000000003
Jawa Timur,2,Sentra Produksi Multi-Komoditas Sangat Tinggi,Semangka,2025,113104.785,46261.81,66842.975
Jawa Timur,2,Sentra Produksi Multi-Komoditas Sangat Tinggi,Stroberi,2025,578.914,578.914,0.0
Jawa Timur,2,Sentra Produksi Multi-Komoditas Sangat Tinggi,Terung,2025,94180.995,94180.995,0.0
Jawa Timur,2,Sentra Produksi Multi-Komoditas Sangat Tinggi,Tomat,2025,126810.23,126810.23,0.0
Jawa Timur,2,Sentra Produksi Multi-Komoditas Sangat Tinggi,Wortel,2025,89213.55799999999,89213.55799999999,0.0
Jawa Timur,2,Sentra Produksi Multi-Komoditas Sangat Tinggi,Cabai Besar Tw Teropong,2025,104535.644,104535.644,0.0
Jawa Timur,2,Sentra Produksi Multi-Komoditas Sangat Tinggi,Cabai Keriting,2025,35664.668,167398.271,-131733.603
Jawa Timur,2,Sentra Produksi Multi-Komoditas Sangat Tinggi,Jamur Tiram,2025,12864.199,11505.899,1358.300000000001
Jawa Timur,2,Sentra Produksi Multi-Komoditas Sangat Tinggi,Jamur Merang,2025,172.96800000000002,172.96800000000002,0.0
Jawa Timur,2,Sentra Produksi Multi-Komoditas Sangat Tinggi,Jamur Lainnya,2025,172.824,331.06,-158.236
Kalimantan Barat,3,Produksi Menengah dengan Komoditas Buah/Tropis Menonjol,Padi,2025,757829.0,302148.0,455681.0
Kalimantan Barat,3,Produksi Menengah dengan Komoditas Buah/Tropis Menonjol,Jagung,2024,90419.41,10129.869999999999,80289.54000000001
Kalimantan Barat,3,Produksi Menengah dengan Komoditas Buah/Tropis Menonjol,Alpukat,2025,2327.663,915.872,1411.7910000000002
Kalimantan Barat,3,Produksi Menengah dengan Komoditas Buah/Tropis Menonjol,Anggur,2025,31.292,3.929,27.363000000000003
Kalimantan Barat,3,Produksi Menengah dengan Komoditas Buah/Tropis Menonjol,Apel,2025,0.0,0.0,0.0
Kalimantan Barat,3,Produksi Menengah dengan Komoditas Buah/Tropis Menonjol,Belimbing,2025,1304.023,382.85699999999997,921.1659999999999
Kalimantan Barat,3,Produksi Menengah dengan Komoditas Buah/Tropis Menonjol,Duku Langsat Kokosan,2025,7150.157000000001,5426.088,1724.0690000000013
Kalimantan Barat,3,Produksi Menengah dengan Komoditas Buah/Tropis Menonjol,Durian,2025,47850.779,11078.991,36771.788
Kalimantan Barat,3,Produksi Menengah dengan Komoditas Buah/Tropis Menonjol,Jambu Air,2025,3213.775,1044.969,2168.806
Kalimantan Barat,3,Produksi Menengah dengan Komoditas Buah/Tropis Menonjol,Jambu Biji,2025,5515.057,1887.7305000000001,3627.3264999999997
Kalimantan Barat,3,Produksi Menengah dengan Komoditas Buah/Tropis Menonjol,Jengkol,2025,10937.054,558.8225,10378.2315
Kalimantan Barat,3,Produksi Menengah dengan Komoditas Buah/Tropis Menonjol,Jeruk Besar,2025,393.706,104.0915,289.6145
Kalimantan Barat,3,Produksi Menengah dengan Komoditas Buah/Tropis Menonjol,Jeruk Siam Keprok,2025,131516.087,6858.23,124657.857
Kalimantan Barat,3,Produksi Menengah dengan Komoditas Buah/Tropis Menonjol,Mangga,2025,7285.608,5644.977500000001,1640.6304999999993
Kalimantan Barat,3,Produksi Menengah dengan Komoditas Buah/Tropis Menonjol,Manggis,2025,2692.678,613.4375,2079.2405
Kalimantan Barat,3,Produksi Menengah dengan Komoditas Buah/Tropis Menonjol,Melinjo,2025,908.99,197.5325,711.4575
Kalimantan Barat,3,Produksi Menengah dengan Komoditas Buah/Tropis Menonjol,Nangka Cempedak,2025,9178.309,6747.8255,2430.4834999999994
Kalimantan Barat,3,Produksi Menengah dengan Komoditas Buah/Tropis Menonjol,Nenas,2025,118186.395,4922.494,113263.901
Kalimantan Barat,3,Produksi Menengah dengan Komoditas Buah/Tropis Menonjol,Pepaya,2025,14404.023,13265.7045,1138.3184999999994
Kalimantan Barat,3,Produksi Menengah dengan Komoditas Buah/Tropis Menonjol,Petai,2025,6503.728,1136.0149999999999,5367.713
Kalimantan Barat,3,Produksi Menengah dengan Komoditas Buah/Tropis Menonjol,Pisang,2025,81927.19399999999,63802.330500000004,18124.863499999985
Kalimantan Barat,3,Produksi Menengah dengan Komoditas Buah/Tropis Menonjol,Rambutan,2025,13361.545000000002,13072.754,288.7910000000011
Kalimantan Barat,3,Produksi Menengah dengan Komoditas Buah/Tropis Menonjol,Salak,2025,541.17,1462.0205,-920.8505000000001
Kalimantan Barat,3,Produksi Menengah dengan Komoditas Buah/Tropis Menonjol,Sawo,2025,1861.207,1063.2655,797.9415000000001
Kalimantan Barat,3,Produksi Menengah dengan Komoditas Buah/Tropis Menonjol,Sirsak,2025,1392.101,821.9984999999999,570.1025000000002
Kalimantan Barat,3,Produksi Menengah dengan Komoditas Buah/Tropis Menonjol,Sukun,2025,2257.608,1753.6075,504.0005000000001
Kalimantan Barat,3,Produksi Menengah dengan Komoditas Buah/Tropis Menonjol,Buah Naga,2025,14707.38,983.7665,13723.6135
Kalimantan Barat,3,Produksi Menengah dengan Komoditas Buah/Tropis Menonjol,Jeruk Lemon,2025,306.43,177.762,128.668
Kalimantan Barat,3,Produksi Menengah dengan Komoditas Buah/Tropis Menonjol,Lengkeng,2025,706.255,207.51850000000002,498.7365
Kalimantan Barat,3,Produksi Menengah dengan Komoditas Buah/Tropis Menonjol,Bawang Daun,2025,834.4780000000001,466.87449999999995,367.6035000000001
Kalimantan Barat,3,Produksi Menengah dengan Komoditas Buah/Tropis Menonjol,Bawang Merah,2025,8.6,208.027,-199.427
Kalimantan Barat,3,Produksi Menengah dengan Komoditas Buah/Tropis Menonjol,Bawang Putih,2025,0.0,0.0,0.0
Kalimantan Barat,3,Produksi Menengah dengan Komoditas Buah/Tropis Menonjol,Bayam,2025,3267.945,2889.3695,378.5755000000004
Kalimantan Barat,3,Produksi Menengah dengan Komoditas Buah/Tropis Menonjol,Buncis,2025,633.42,356.7145,276.7055
Kalimantan Barat,3,Produksi Menengah dengan Komoditas Buah/Tropis Menonjol,Cabai Rawit,2025,8419.011999999999,6465.9985,1953.013499999999
Kalimantan Barat,3,Produksi Menengah dengan Komoditas Buah/Tropis Menonjol,Kacang Panjang,2025,4788.158,3108.3365000000003,1679.8215
Kalimantan Barat,3,Produksi Menengah dengan Komoditas Buah/Tropis Menonjol,Kangkung,2025,5493.035,4972.4765,520.5585000000001
Kalimantan Barat,3,Produksi Menengah dengan Komoditas Buah/Tropis Menonjol,Kembang Kol,2025,0.0,0.0025,-0.0025
Kalimantan Barat,3,Produksi Menengah dengan Komoditas Buah/Tropis Menonjol,Kentang,2025,0.0,0.0,0.0
Kalimantan Barat,3,Produksi Menengah dengan Komoditas Buah/Tropis Menonjol,Ketimun,2025,6977.152,3745.6745,3231.4775
Kalimantan Barat,3,Produksi Menengah dengan Komoditas Buah/Tropis Menonjol,Kubis,2025,0.0,0.28900000000000003,-0.28900000000000003
Kalimantan Barat,3,Produksi Menengah dengan Komoditas Buah/Tropis Menonjol,Labu Siam,2025,122.886,118.418,4.467999999999989
Kalimantan Barat,3,Produksi Menengah dengan Komoditas Buah/Tropis Menonjol,Melon,2025,354.35900000000004,306.0095,48.349500000000035
Kalimantan Barat,3,Produksi Menengah dengan Komoditas Buah/Tropis Menonjol,Paprika,2025,0.0,0.0,0.0
Kalimantan Barat,3,Produksi Menengah dengan Komoditas Buah/Tropis Menonjol,Petsai Sawi,2025,3741.136,2681.268,1059.868
Kalimantan Barat,3,Produksi Menengah dengan Komoditas Buah/Tropis Menonjol,Semangka,2025,4080.983,2793.1945,1287.7885
Kalimantan Barat,3,Produksi Menengah dengan Komoditas Buah/Tropis Menonjol,Stroberi,2025,0.0,0.0,0.0
Kalimantan Barat,3,Produksi Menengah dengan Komoditas Buah/Tropis Menonjol,Terung,2025,5040.505999999999,4316.5445,723.9614999999994
Kalimantan Barat,3,Produksi Menengah dengan Komoditas Buah/Tropis Menonjol,Tomat,2025,2192.569,1944.5935,247.9755
Kalimantan Barat,3,Produksi Menengah dengan Komoditas Buah/Tropis Menonjol,Wortel,2025,0.0,0.0,0.0
Kalimantan Barat,3,Produksi Menengah dengan Komoditas Buah/Tropis Menonjol,Cabai Besar Tw Teropong,2025,2849.542,1120.684,1728.858
Kalimantan Barat,3,Produksi Menengah dengan Komoditas Buah/Tropis Menonjol,Cabai Keriting,2025,945.82,3350.4399999999996,-2404.6199999999994
Kalimantan Barat,3,Produksi Menengah dengan Komoditas Buah/Tropis Menonjol,Jamur Tiram,2025,0.103,56.42,-56.317
Kalimantan Barat,3,Produksi Menengah dengan Komoditas Buah/Tropis Menonjol,Jamur Merang,2025,0.0,0.0,0.0
Kalimantan Barat,3,Produksi Menengah dengan Komoditas Buah/Tropis Menonjol,Jamur Lainnya,2025,0.0,0.005,-0.005
Kalimantan Selatan,3,Produksi Menengah dengan Komoditas Buah/Tropis Menonjol,Padi,2025,1179338.0,302148.0,877190.0
Kalimantan Selatan,3,Produksi Menengah dengan Komoditas Buah/Tropis Menonjol,Jagung,2024,109438.4,10129.869999999999,99308.53
Kalimantan Selatan,3,Produksi Menengah dengan Komoditas Buah/Tropis Menonjol,Alpukat,2025,138.185,915.872,-777.6869999999999
Kalimantan Selatan,3,Produksi Menengah dengan Komoditas Buah/Tropis Menonjol,Anggur,2025,7.758,3.929,3.829
Kalimantan Selatan,3,Produksi Menengah dengan Komoditas Buah/Tropis Menonjol,Apel,2025,0.0,0.0,0.0
Kalimantan Selatan,3,Produksi Menengah dengan Komoditas Buah/Tropis Menonjol,Belimbing,2025,430.468,382.85699999999997,47.61100000000005
Kalimantan Selatan,3,Produksi Menengah dengan Komoditas Buah/Tropis Menonjol,Duku Langsat Kokosan,2025,7809.303999999999,5426.088,2383.2159999999994
Kalimantan Selatan,3,Produksi Menengah dengan Komoditas Buah/Tropis Menonjol,Durian,2025,26907.382,11078.991,15828.391000000001
Kalimantan Selatan,3,Produksi Menengah dengan Komoditas Buah/Tropis Menonjol,Jambu Air,2025,608.795,1044.969,-436.1740000000001
Kalimantan Selatan,3,Produksi Menengah dengan Komoditas Buah/Tropis Menonjol,Jambu Biji,2025,1978.125,1887.7305000000001,90.39449999999988
Kalimantan Selatan,3,Produksi Menengah dengan Komoditas Buah/Tropis Menonjol,Jengkol,2025,4064.858,558.8225,3506.0355
Kalimantan Selatan,3,Produksi Menengah dengan Komoditas Buah/Tropis Menonjol,Jeruk Besar,2025,126.645,104.0915,22.5535
Kalimantan Selatan,3,Produksi Menengah dengan Komoditas Buah/Tropis Menonjol,Jeruk Siam Keprok,2025,85936.736,6858.23,79078.50600000001
Kalimantan Selatan,3,Produksi Menengah dengan Komoditas Buah/Tropis Menonjol,Mangga,2025,5260.961,5644.977500000001,-384.01650000000063
Kalimantan Selatan,3,Produksi Menengah dengan Komoditas Buah/Tropis Menonjol,Manggis,2025,405.512,613.4375,-207.9255
Kalimantan Selatan,3,Produksi Menengah dengan Komoditas Buah/Tropis Menonjol,Melinjo,2025,181.456,197.5325,-16.07650000000001
Kalimantan Selatan,3,Produksi Menengah dengan Komoditas Buah/Tropis Menonjol,Nangka Cempedak,2025,15713.003,6747.8255,8965.177500000002
Kalimantan Selatan,3,Produksi Menengah dengan Komoditas Buah/Tropis Menonjol,Nenas,2025,2698.26,4922.494,-2224.2339999999995
Kalimantan Selatan,3,Produksi Menengah dengan Komoditas Buah/Tropis Menonjol,Pepaya,2025,7590.901,13265.7045,-5674.8035
Kalimantan Selatan,3,Produksi Menengah dengan Komoditas Buah/Tropis Menonjol,Petai,2025,2603.384,1136.0149999999999,1467.3690000000001
Kalimantan Selatan,3,Produksi Menengah dengan Komoditas Buah/Tropis Menonjol,Pisang,2025,75353.758,63802.330500000004,11551.427499999998
Kalimantan Selatan,3,Produksi Menengah dengan Komoditas Buah/Tropis Menonjol,Rambutan,2025,16850.873,13072.754,3778.118999999999
Kalimantan Selatan,3,Produksi Menengah dengan Komoditas Buah/Tropis Menonjol,Salak,2025,400.847,1462.0205,-1061.1735
Kalimantan Selatan,3,Produksi Menengah dengan Komoditas Buah/Tropis Menonjol,Sawo,2025,1432.353,1063.2655,369.0875000000001
Kalimantan Selatan,3,Produksi Menengah dengan Komoditas Buah/Tropis Menonjol,Sirsak,2025,655.726,821.9984999999999,-166.27249999999992
Kalimantan Selatan,3,Produksi Menengah dengan Komoditas Buah/Tropis Menonjol,Sukun,2025,910.213,1753.6075,-843.3945000000001
Kalimantan Selatan,3,Produksi Menengah dengan Komoditas Buah/Tropis Menonjol,Buah Naga,2025,875.76,983.7665,-108.00649999999996
Kalimantan Selatan,3,Produksi Menengah dengan Komoditas Buah/Tropis Menonjol,Jeruk Lemon,2025,190.568,177.762,12.806000000000012
Kalimantan Selatan,3,Produksi Menengah dengan Komoditas Buah/Tropis Menonjol,Lengkeng,2025,202.347,207.51850000000002,-5.171500000000009
Kalimantan Selatan,3,Produksi Menengah dengan Komoditas Buah/Tropis Menonjol,Bawang Daun,2025,1206.506,466.87449999999995,739.6315000000002
Kalimantan Selatan,3,Produksi Menengah dengan Komoditas Buah/Tropis Menonjol,Bawang Merah,2025,353.065,208.027,145.038
Kalimantan Selatan,3,Produksi Menengah dengan Komoditas Buah/Tropis Menonjol,Bawang Putih,2025,0.0,0.0,0.0
Kalimantan Selatan,3,Produksi Menengah dengan Komoditas Buah/Tropis Menonjol,Bayam,2025,970.387,2889.3695,-1918.9824999999998
Kalimantan Selatan,3,Produksi Menengah dengan Komoditas Buah/Tropis Menonjol,Buncis,2025,2154.87,356.7145,1798.1554999999998
Kalimantan Selatan,3,Produksi Menengah dengan Komoditas Buah/Tropis Menonjol,Cabai Rawit,2025,14259.26,6465.9985,7793.2615000000005
Kalimantan Selatan,3,Produksi Menengah dengan Komoditas Buah/Tropis Menonjol,Kacang Panjang,2025,3804.967,3108.3365000000003,696.6304999999998
Kalimantan Selatan,3,Produksi Menengah dengan Komoditas Buah/Tropis Menonjol,Kangkung,2025,942.555,4972.4765,-4029.9215
Kalimantan Selatan,3,Produksi Menengah dengan Komoditas Buah/Tropis Menonjol,Kembang Kol,2025,97.73,0.0025,97.7275
Kalimantan Selatan,3,Produksi Menengah dengan Komoditas Buah/Tropis Menonjol,Kentang,2025,0.0,0.0,0.0
Kalimantan Selatan,3,Produksi Menengah dengan Komoditas Buah/Tropis Menonjol,Ketimun,2025,5399.935,3745.6745,1654.2605000000003
Kalimantan Selatan,3,Produksi Menengah dengan Komoditas Buah/Tropis Menonjol,Kubis,2025,0.0,0.28900000000000003,-0.28900000000000003
Kalimantan Selatan,3,Produksi Menengah dengan Komoditas Buah/Tropis Menonjol,Labu Siam,2025,0.0,118.418,-118.418
Kalimantan Selatan,3,Produksi Menengah dengan Komoditas Buah/Tropis Menonjol,Melon,2025,1168.625,306.0095,862.6155
Kalimantan Selatan,3,Produksi Menengah dengan Komoditas Buah/Tropis Menonjol,Paprika,2025,0.0,0.0,0.0
Kalimantan Selatan,3,Produksi Menengah dengan Komoditas Buah/Tropis Menonjol,Petsai Sawi,2025,989.894,2681.268,-1691.374
Kalimantan Selatan,3,Produksi Menengah dengan Komoditas Buah/Tropis Menonjol,Semangka,2025,18499.98,2793.1945,15706.7855
Kalimantan Selatan,3,Produksi Menengah dengan Komoditas Buah/Tropis Menonjol,Stroberi,2025,0.0,0.0,0.0
Kalimantan Selatan,3,Produksi Menengah dengan Komoditas Buah/Tropis Menonjol,Terung,2025,6965.176,4316.5445,2648.6315000000004
Kalimantan Selatan,3,Produksi Menengah dengan Komoditas Buah/Tropis Menonjol,Tomat,2025,5108.2300000000005,1944.5935,3163.6365000000005
Kalimantan Selatan,3,Produksi Menengah dengan Komoditas Buah/Tropis Menonjol,Wortel,2025,0.0,0.0,0.0
Kalimantan Selatan,3,Produksi Menengah dengan Komoditas Buah/Tropis Menonjol,Cabai Besar Tw Teropong,2025,7836.003999999999,1120.684,6715.319999999999
Kalimantan Selatan,3,Produksi Menengah dengan Komoditas Buah/Tropis Menonjol,Cabai Keriting,2025,3883.425,3350.4399999999996,532.9850000000006
Kalimantan Selatan,3,Produksi Menengah dengan Komoditas Buah/Tropis Menonjol,Jamur Tiram,2025,186.585,56.42,130.16500000000002
Kalimantan Selatan,3,Produksi Menengah dengan Komoditas Buah/Tropis Menonjol,Jamur Merang,2025,0.0,0.0,0.0
Kalimantan Selatan,3,Produksi Menengah dengan Komoditas Buah/Tropis Menonjol,Jamur Lainnya,2025,0.0,0.005,-0.005
Kalimantan Tengah,3,Produksi Menengah dengan Komoditas Buah/Tropis Menonjol,Padi,2025,333429.0,302148.0,31281.0
Kalimantan Tengah,3,Produksi Menengah dengan Komoditas Buah/Tropis Menonjol,Jagung,2024,44638.26,10129.869999999999,34508.39
Kalimantan Tengah,3,Produksi Menengah dengan Komoditas Buah/Tropis Menonjol,Alpukat,2025,420.2,915.872,-495.67199999999997
Kalimantan Tengah,3,Produksi Menengah dengan Komoditas Buah/Tropis Menonjol,Anggur,2025,6.298,3.929,2.369
Kalimantan Tengah,3,Produksi Menengah dengan Komoditas Buah/Tropis Menonjol,Apel,2025,0.0,0.0,0.0
Kalimantan Tengah,3,Produksi Menengah dengan Komoditas Buah/Tropis Menonjol,Belimbing,2025,527.441,382.85699999999997,144.58400000000006
Kalimantan Tengah,3,Produksi Menengah dengan Komoditas Buah/Tropis Menonjol,Duku Langsat Kokosan,2025,1674.08,5426.088,-3752.008
Kalimantan Tengah,3,Produksi Menengah dengan Komoditas Buah/Tropis Menonjol,Durian,2025,10608.026,11078.991,-470.96500000000015
Kalimantan Tengah,3,Produksi Menengah dengan Komoditas Buah/Tropis Menonjol,Jambu Air,2025,1263.799,1044.969,218.82999999999993
Kalimantan Tengah,3,Produksi Menengah dengan Komoditas Buah/Tropis Menonjol,Jambu Biji,2025,2432.5080000000003,1887.7305000000001,544.7775000000001
Kalimantan Tengah,3,Produksi Menengah dengan Komoditas Buah/Tropis Menonjol,Jengkol,2025,3966.464,558.8225,3407.6414999999997
Kalimantan Tengah,3,Produksi Menengah dengan Komoditas Buah/Tropis Menonjol,Jeruk Besar,2025,81.538,104.0915,-22.5535
Kalimantan Tengah,3,Produksi Menengah dengan Komoditas Buah/Tropis Menonjol,Jeruk Siam Keprok,2025,7927.967999999999,6858.23,1069.7379999999994
Kalimantan Tengah,3,Produksi Menengah dengan Komoditas Buah/Tropis Menonjol,Mangga,2025,2799.436,5644.977500000001,-2845.5415000000007
Kalimantan Tengah,3,Produksi Menengah dengan Komoditas Buah/Tropis Menonjol,Manggis,2025,821.3629999999999,613.4375,207.92549999999994
Kalimantan Tengah,3,Produksi Menengah dengan Komoditas Buah/Tropis Menonjol,Melinjo,2025,213.609,197.5325,16.07650000000001
Kalimantan Tengah,3,Produksi Menengah dengan Komoditas Buah/Tropis Menonjol,Nangka Cempedak,2025,19583.118,6747.8255,12835.2925
Kalimantan Tengah,3,Produksi Menengah dengan Komoditas Buah/Tropis Menonjol,Nenas,2025,8372.732,4922.494,3450.2380000000003
Kalimantan Tengah,3,Produksi Menengah dengan Komoditas Buah/Tropis Menonjol,Pepaya,2025,6553.443,13265.7045,-6712.2615
Kalimantan Tengah,3,Produksi Menengah dengan Komoditas Buah/Tropis Menonjol,Petai,2025,1376.459,1136.0149999999999,240.4440000000002
Kalimantan Tengah,3,Produksi Menengah dengan Komoditas Buah/Tropis Menonjol,Pisang,2025,33563.64,63802.330500000004,-30238.690500000004
Kalimantan Tengah,3,Produksi Menengah dengan Komoditas Buah/Tropis Menonjol,Rambutan,2025,35128.934,13072.754,22056.18
Kalimantan Tengah,3,Produksi Menengah dengan Komoditas Buah/Tropis Menonjol,Salak,2025,3179.438,1462.0205,1717.4175
Kalimantan Tengah,3,Produksi Menengah dengan Komoditas Buah/Tropis Menonjol,Sawo,2025,2458.689,1063.2655,1395.4234999999999
Kalimantan Tengah,3,Produksi Menengah dengan Komoditas Buah/Tropis Menonjol,Sirsak,2025,949.429,821.9984999999999,127.43050000000005
Kalimantan Tengah,3,Produksi Menengah dengan Komoditas Buah/Tropis Menonjol,Sukun,2025,1320.0030000000002,1753.6075,-433.6044999999999
Kalimantan Tengah,3,Produksi Menengah dengan Komoditas Buah/Tropis Menonjol,Buah Naga,2025,1359.202,983.7665,375.43550000000005
Kalimantan Tengah,3,Produksi Menengah dengan Komoditas Buah/Tropis Menonjol,Jeruk Lemon,2025,189.234,177.762,11.472000000000008
Kalimantan Tengah,3,Produksi Menengah dengan Komoditas Buah/Tropis Menonjol,Lengkeng,2025,2371.666,207.51850000000002,2164.1475
Kalimantan Tengah,3,Produksi Menengah dengan Komoditas Buah/Tropis Menonjol,Bawang Daun,2025,1349.312,466.87449999999995,882.4375
Kalimantan Tengah,3,Produksi Menengah dengan Komoditas Buah/Tropis Menonjol,Bawang Merah,2025,16.3,208.027,-191.72699999999998
Kalimantan Tengah,3,Produksi Menengah dengan Komoditas Buah/Tropis Menonjol,Bawang Putih,2025,0.0,0.0,0.0
Kalimantan Tengah,3,Produksi Menengah dengan Komoditas Buah/Tropis Menonjol,Bayam,2025,1175.351,2889.3695,-1714.0184999999997
Kalimantan Tengah,3,Produksi Menengah dengan Komoditas Buah/Tropis Menonjol,Buncis,2025,857.467,356.7145,500.7525
Kalimantan Tengah,3,Produksi Menengah dengan Komoditas Buah/Tropis Menonjol,Cabai Rawit,2025,5635.325,6465.9985,-830.6734999999999
Kalimantan Tengah,3,Produksi Menengah dengan Komoditas Buah/Tropis Menonjol,Kacang Panjang,2025,2698.43,3108.3365000000003,-409.9065000000005
Kalimantan Tengah,3,Produksi Menengah dengan Komoditas Buah/Tropis Menonjol,Kangkung,2025,1665.782,4972.4765,-3306.6944999999996
Kalimantan Tengah,3,Produksi Menengah dengan Komoditas Buah/Tropis Menonjol,Kembang Kol,2025,16.1,0.0025,16.0975
Kalimantan Tengah,3,Produksi Menengah dengan Komoditas Buah/Tropis Menonjol,Kentang,2025,0.0,0.0,0.0
Kalimantan Tengah,3,Produksi Menengah dengan Komoditas Buah/Tropis Menonjol,Ketimun,2025,4017.238,3745.6745,271.56349999999975
Kalimantan Tengah,3,Produksi Menengah dengan Komoditas Buah/Tropis Menonjol,Kubis,2025,0.0,0.28900000000000003,-0.28900000000000003
Kalimantan Tengah,3,Produksi Menengah dengan Komoditas Buah/Tropis Menonjol,Labu Siam,2025,144.792,118.418,26.373999999999995
Kalimantan Tengah,3,Produksi Menengah dengan Komoditas Buah/Tropis Menonjol,Melon,2025,247.61,306.0095,-58.39949999999999
Kalimantan Tengah,3,Produksi Menengah dengan Komoditas Buah/Tropis Menonjol,Paprika,2025,3.0,0.0,3.0
Kalimantan Tengah,3,Produksi Menengah dengan Komoditas Buah/Tropis Menonjol,Petsai Sawi,2025,1864.923,2681.268,-816.345
Kalimantan Tengah,3,Produksi Menengah dengan Komoditas Buah/Tropis Menonjol,Semangka,2025,6671.302000000001,2793.1945,3878.1075000000005
Kalimantan Tengah,3,Produksi Menengah dengan Komoditas Buah/Tropis Menonjol,Stroberi,2025,0.0,0.0,0.0
Kalimantan Tengah,3,Produksi Menengah dengan Komoditas Buah/Tropis Menonjol,Terung,2025,4345.915,4316.5445,29.370499999999993
Kalimantan Tengah,3,Produksi Menengah dengan Komoditas Buah/Tropis Menonjol,Tomat,2025,1729.734,1944.5935,-214.85950000000003
Kalimantan Tengah,3,Produksi Menengah dengan Komoditas Buah/Tropis Menonjol,Wortel,2025,0.0,0.0,0.0
Kalimantan Tengah,3,Produksi Menengah dengan Komoditas Buah/Tropis Menonjol,Cabai Besar Tw Teropong,2025,613.6899999999999,1120.684,-506.994
Kalimantan Tengah,3,Produksi Menengah dengan Komoditas Buah/Tropis Menonjol,Cabai Keriting,2025,322.116,3350.4399999999996,-3028.3239999999996
Kalimantan Tengah,3,Produksi Menengah dengan Komoditas Buah/Tropis Menonjol,Jamur Tiram,2025,77.91499999999999,56.42,21.49499999999999
Kalimantan Tengah,3,Produksi Menengah dengan Komoditas Buah/Tropis Menonjol,Jamur Merang,2025,0.0,0.0,0.0
Kalimantan Tengah,3,Produksi Menengah dengan Komoditas Buah/Tropis Menonjol,Jamur Lainnya,2025,0.0,0.005,-0.005
Kalimantan Timur,3,Produksi Menengah dengan Komoditas Buah/Tropis Menonjol,Padi,2025,270867.0,302148.0,-31281.0
Kalimantan Timur,3,Produksi Menengah dengan Komoditas Buah/Tropis Menonjol,Jagung,2024,3955.26,10129.869999999999,-6174.609999999999
Kalimantan Timur,3,Produksi Menengah dengan Komoditas Buah/Tropis Menonjol,Alpukat,2025,1545.99,915.872,630.118
Kalimantan Timur,3,Produksi Menengah dengan Komoditas Buah/Tropis Menonjol,Anggur,2025,4.853,3.929,0.9239999999999999
Kalimantan Timur,3,Produksi Menengah dengan Komoditas Buah/Tropis Menonjol,Apel,2025,0.0,0.0,0.0
Kalimantan Timur,3,Produksi Menengah dengan Komoditas Buah/Tropis Menonjol,Belimbing,2025,1052.105,382.85699999999997,669.248
Kalimantan Timur,3,Produksi Menengah dengan Komoditas Buah/Tropis Menonjol,Duku Langsat Kokosan,2025,2160.942,5426.088,-3265.1459999999997
Kalimantan Timur,3,Produksi Menengah dengan Komoditas Buah/Tropis Menonjol,Durian,2025,10538.744,11078.991,-540.2469999999994
Kalimantan Timur,3,Produksi Menengah dengan Komoditas Buah/Tropis Menonjol,Jambu Air,2025,2618.961,1044.969,1573.9919999999997
Kalimantan Timur,3,Produksi Menengah dengan Komoditas Buah/Tropis Menonjol,Jambu Biji,2025,4067.177,1887.7305000000001,2179.4465
Kalimantan Timur,3,Produksi Menengah dengan Komoditas Buah/Tropis Menonjol,Jengkol,2025,684.0699999999999,558.8225,125.24749999999995
Kalimantan Timur,3,Produksi Menengah dengan Komoditas Buah/Tropis Menonjol,Jeruk Besar,2025,259.01300000000003,104.0915,154.92150000000004
Kalimantan Timur,3,Produksi Menengah dengan Komoditas Buah/Tropis Menonjol,Jeruk Siam Keprok,2025,8468.928,6858.23,1610.6980000000003
Kalimantan Timur,3,Produksi Menengah dengan Komoditas Buah/Tropis Menonjol,Mangga,2025,4802.893,5644.977500000001,-842.0845000000008
Kalimantan Timur,3,Produksi Menengah dengan Komoditas Buah/Tropis Menonjol,Manggis,2025,364.979,613.4375,-248.45850000000002
Kalimantan Timur,3,Produksi Menengah dengan Komoditas Buah/Tropis Menonjol,Melinjo,2025,452.034,197.5325,254.5015
Kalimantan Timur,3,Produksi Menengah dengan Komoditas Buah/Tropis Menonjol,Nangka Cempedak,2025,12630.993,6747.8255,5883.1675000000005
Kalimantan Timur,3,Produksi Menengah dengan Komoditas Buah/Tropis Menonjol,Nenas,2025,79209.37299999999,4922.494,74286.87899999999
Kalimantan Timur,3,Produksi Menengah dengan Komoditas Buah/Tropis Menonjol,Pepaya,2025,14479.775,13265.7045,1214.0704999999998
Kalimantan Timur,3,Produksi Menengah dengan Komoditas Buah/Tropis Menonjol,Petai,2025,895.5709999999999,1136.0149999999999,-240.44399999999996
Kalimantan Timur,3,Produksi Menengah dengan Komoditas Buah/Tropis Menonjol,Pisang,2025,129386.251,63802.330500000004,65583.92050000001
Kalimantan Timur,3,Produksi Menengah dengan Komoditas Buah/Tropis Menonjol,Rambutan,2025,12783.963,13072.754,-288.7910000000011
Kalimantan Timur,3,Produksi Menengah dengan Komoditas Buah/Tropis Menonjol,Salak,2025,9923.444,1462.0205,8461.423499999999
Kalimantan Timur,3,Produksi Menengah dengan Komoditas Buah/Tropis Menonjol,Sawo,2025,1037.971,1063.2655,-25.29449999999997
Kalimantan Timur,3,Produksi Menengah dengan Komoditas Buah/Tropis Menonjol,Sirsak,2025,694.568,821.9984999999999,-127.43049999999994
Kalimantan Timur,3,Produksi Menengah dengan Komoditas Buah/Tropis Menonjol,Sukun,2025,1960.535,1753.6075,206.9275
Kalimantan Timur,3,Produksi Menengah dengan Komoditas Buah/Tropis Menonjol,Buah Naga,2025,18154.901,983.7665,17171.1345
Kalimantan Timur,3,Produksi Menengah dengan Komoditas Buah/Tropis Menonjol,Jeruk Lemon,2025,789.688,177.762,611.9259999999999
Kalimantan Timur,3,Produksi Menengah dengan Komoditas Buah/Tropis Menonjol,Lengkeng,2025,4192.031,207.51850000000002,3984.5125
Kalimantan Timur,3,Produksi Menengah dengan Komoditas Buah/Tropis Menonjol,Bawang Daun,2025,801.336,466.87449999999995,334.46150000000006
Kalimantan Timur,3,Produksi Menengah dengan Komoditas Buah/Tropis Menonjol,Bawang Merah,2025,91.01,208.027,-117.01699999999998
Kalimantan Timur,3,Produksi Menengah dengan Komoditas Buah/Tropis Menonjol,Bawang Putih,2025,0.0,0.0,0.0
Kalimantan Timur,3,Produksi Menengah dengan Komoditas Buah/Tropis Menonjol,Bayam,2025,3890.547,2889.3695,1001.1775000000002
Kalimantan Timur,3,Produksi Menengah dengan Komoditas Buah/Tropis Menonjol,Buncis,2025,2644.237,356.7145,2287.5225
Kalimantan Timur,3,Produksi Menengah dengan Komoditas Buah/Tropis Menonjol,Cabai Rawit,2025,7235.814,6465.9985,769.8155000000006
Kalimantan Timur,3,Produksi Menengah dengan Komoditas Buah/Tropis Menonjol,Kacang Panjang,2025,6093.0470000000005,3108.3365000000003,2984.7105
Kalimantan Timur,3,Produksi Menengah dengan Komoditas Buah/Tropis Menonjol,Kangkung,2025,7095.4,4972.4765,2122.9235
Kalimantan Timur,3,Produksi Menengah dengan Komoditas Buah/Tropis Menonjol,Kembang Kol,2025,81.41,0.0025,81.4075
Kalimantan Timur,3,Produksi Menengah dengan Komoditas Buah/Tropis Menonjol,Kentang,2025,0.0,0.0,0.0
Kalimantan Timur,3,Produksi Menengah dengan Komoditas Buah/Tropis Menonjol,Ketimun,2025,7456.739,3745.6745,3711.0644999999995
Kalimantan Timur,3,Produksi Menengah dengan Komoditas Buah/Tropis Menonjol,Kubis,2025,4.85,0.28900000000000003,4.561
Kalimantan Timur,3,Produksi Menengah dengan Komoditas Buah/Tropis Menonjol,Labu Siam,2025,424.28,118.418,305.86199999999997
Kalimantan Timur,3,Produksi Menengah dengan Komoditas Buah/Tropis Menonjol,Melon,2025,1369.395,306.0095,1063.3854999999999
Kalimantan Timur,3,Produksi Menengah dengan Komoditas Buah/Tropis Menonjol,Paprika,2025,0.0,0.0,0.0
Kalimantan Timur,3,Produksi Menengah dengan Komoditas Buah/Tropis Menonjol,Petsai Sawi,2025,5332.167,2681.268,2650.8990000000003
Kalimantan Timur,3,Produksi Menengah dengan Komoditas Buah/Tropis Menonjol,Semangka,2025,8477.744,2793.1945,5684.549500000001
Kalimantan Timur,3,Produksi Menengah dengan Komoditas Buah/Tropis Menonjol,Stroberi,2025,0.0,0.0,0.0
Kalimantan Timur,3,Produksi Menengah dengan Komoditas Buah/Tropis Menonjol,Terung,2025,7742.709,4316.5445,3426.1645
Kalimantan Timur,3,Produksi Menengah dengan Komoditas Buah/Tropis Menonjol,Tomat,2025,5590.423000000001,1944.5935,3645.8295000000007
Kalimantan Timur,3,Produksi Menengah dengan Komoditas Buah/Tropis Menonjol,Wortel,2025,0.0,0.0,0.0
Kalimantan Timur,3,Produksi Menengah dengan Komoditas Buah/Tropis Menonjol,Cabai Besar Tw Teropong,2025,1102.621,1120.684,-18.062999999999874
Kalimantan Timur,3,Produksi Menengah dengan Komoditas Buah/Tropis Menonjol,Cabai Keriting,2025,3321.352,3350.4399999999996,-29.087999999999738
Kalimantan Timur,3,Produksi Menengah dengan Komoditas Buah/Tropis Menonjol,Jamur Tiram,2025,202.594,56.42,146.17399999999998
Kalimantan Timur,3,Produksi Menengah dengan Komoditas Buah/Tropis Menonjol,Jamur Merang,2025,0.0,0.0,0.0
Kalimantan Timur,3,Produksi Menengah dengan Komoditas Buah/Tropis Menonjol,Jamur Lainnya,2025,0.03,0.005,0.024999999999999998
Kalimantan Utara,3,Produksi Menengah dengan Komoditas Buah/Tropis Menonjol,Padi,2025,38038.0,302148.0,-264110.0
Kalimantan Utara,3,Produksi Menengah dengan Komoditas Buah/Tropis Menonjol,Jagung,2024,1058.24,10129.869999999999,-9071.63
Kalimantan Utara,3,Produksi Menengah dengan Komoditas Buah/Tropis Menonjol,Alpukat,2025,115.685,915.872,-800.1869999999999
Kalimantan Utara,3,Produksi Menengah dengan Komoditas Buah/Tropis Menonjol,Anggur,2025,0.913,3.929,-3.016
Kalimantan Utara,3,Produksi Menengah dengan Komoditas Buah/Tropis Menonjol,Apel,2025,0.0,0.0,0.0
Kalimantan Utara,3,Produksi Menengah dengan Komoditas Buah/Tropis Menonjol,Belimbing,2025,95.924,382.85699999999997,-286.933
Kalimantan Utara,3,Produksi Menengah dengan Komoditas Buah/Tropis Menonjol,Duku Langsat Kokosan,2025,6891.361,5426.088,1465.2730000000001
Kalimantan Utara,3,Produksi Menengah dengan Komoditas Buah/Tropis Menonjol,Durian,2025,7549.389999999999,11078.991,-3529.6010000000006
Kalimantan Utara,3,Produksi Menengah dengan Komoditas Buah/Tropis Menonjol,Jambu Air,2025,826.1389999999999,1044.969,-218.83000000000015
Kalimantan Utara,3,Produksi Menengah dengan Komoditas Buah/Tropis Menonjol,Jambu Biji,2025,396.195,1887.7305000000001,-1491.5355000000002
Kalimantan Utara,3,Produksi Menengah dengan Komoditas Buah/Tropis Menonjol,Jengkol,2025,111.5,558.8225,-447.3225
Kalimantan Utara,3,Produksi Menengah dengan Komoditas Buah/Tropis Menonjol,Jeruk Besar,2025,12.0,104.0915,-92.0915
Kalimantan Utara,3,Produksi Menengah dengan Komoditas Buah/Tropis Menonjol,Jeruk Siam Keprok,2025,4614.681,6858.23,-2243.549
Kalimantan Utara,3,Produksi Menengah dengan Komoditas Buah/Tropis Menonjol,Mangga,2025,6028.994000000001,5644.977500000001,384.0164999999997
Kalimantan Utara,3,Produksi Menengah dengan Komoditas Buah/Tropis Menonjol,Manggis,2025,57.4,613.4375,-556.0375
Kalimantan Utara,3,Produksi Menengah dengan Komoditas Buah/Tropis Menonjol,Melinjo,2025,69.26,197.5325,-128.27249999999998
Kalimantan Utara,3,Produksi Menengah dengan Komoditas Buah/Tropis Menonjol,Nangka Cempedak,2025,20827.627,6747.8255,14079.801500000001
Kalimantan Utara,3,Produksi Menengah dengan Komoditas Buah/Tropis Menonjol,Nenas,2025,1793.84,4922.494,-3128.6539999999995
Kalimantan Utara,3,Produksi Menengah dengan Komoditas Buah/Tropis Menonjol,Pepaya,2025,20216.182,13265.7045,6950.477500000001
Kalimantan Utara,3,Produksi Menengah dengan Komoditas Buah/Tropis Menonjol,Petai,2025,1787.199,1136.0149999999999,651.1840000000002
Kalimantan Utara,3,Produksi Menengah dengan Komoditas Buah/Tropis Menonjol,Pisang,2025,79273.185,63802.330500000004,15470.854499999994
Kalimantan Utara,3,Produksi Menengah dengan Komoditas Buah/Tropis Menonjol,Rambutan,2025,6173.676,13072.754,-6899.078
Kalimantan Utara,3,Produksi Menengah dengan Komoditas Buah/Tropis Menonjol,Salak,2025,6459.944,1462.0205,4997.923500000001
Kalimantan Utara,3,Produksi Menengah dengan Komoditas Buah/Tropis Menonjol,Sawo,2025,1088.56,1063.2655,25.29449999999997
Kalimantan Utara,3,Produksi Menengah dengan Komoditas Buah/Tropis Menonjol,Sirsak,2025,4907.618,821.9984999999999,4085.6195000000007
Kalimantan Utara,3,Produksi Menengah dengan Komoditas Buah/Tropis Menonjol,Sukun,2025,2113.367,1753.6075,359.7595000000001
Kalimantan Utara,3,Produksi Menengah dengan Komoditas Buah/Tropis Menonjol,Buah Naga,2025,136.01,983.7665,-847.7565
Kalimantan Utara,3,Produksi Menengah dengan Komoditas Buah/Tropis Menonjol,Jeruk Lemon,2025,59.699,177.762,-118.063
Kalimantan Utara,3,Produksi Menengah dengan Komoditas Buah/Tropis Menonjol,Lengkeng,2025,120.98,207.51850000000002,-86.53850000000001
Kalimantan Utara,3,Produksi Menengah dengan Komoditas Buah/Tropis Menonjol,Bawang Daun,2025,2579.879,466.87449999999995,2113.0045
Kalimantan Utara,3,Produksi Menengah dengan Komoditas Buah/Tropis Menonjol,Bawang Merah,2025,75.6,208.027,-132.427
Kalimantan Utara,3,Produksi Menengah dengan Komoditas Buah/Tropis Menonjol,Bawang Putih,2025,0.0,0.0,0.0
Kalimantan Utara,3,Produksi Menengah dengan Komoditas Buah/Tropis Menonjol,Bayam,2025,2859.392,2889.3695,-29.977499999999964
Kalimantan Utara,3,Produksi Menengah dengan Komoditas Buah/Tropis Menonjol,Buncis,2025,2468.179,356.7145,2111.4645
Kalimantan Utara,3,Produksi Menengah dengan Komoditas Buah/Tropis Menonjol,Cabai Rawit,2025,8517.782000000001,6465.9985,2051.7835000000014
Kalimantan Utara,3,Produksi Menengah dengan Komoditas Buah/Tropis Menonjol,Kacang Panjang,2025,3277.862,3108.3365000000003,169.52549999999974
Kalimantan Utara,3,Produksi Menengah dengan Komoditas Buah/Tropis Menonjol,Kangkung,2025,6066.383,4972.4765,1093.9065
Kalimantan Utara,3,Produksi Menengah dengan Komoditas Buah/Tropis Menonjol,Kembang Kol,2025,0.0,0.0025,-0.0025
Kalimantan Utara,3,Produksi Menengah dengan Komoditas Buah/Tropis Menonjol,Kentang,2025,0.0,0.0,0.0
Kalimantan Utara,3,Produksi Menengah dengan Komoditas Buah/Tropis Menonjol,Ketimun,2025,6782.609,3745.6745,3036.9345000000003
Kalimantan Utara,3,Produksi Menengah dengan Komoditas Buah/Tropis Menonjol,Kubis,2025,0.0,0.28900000000000003,-0.28900000000000003
Kalimantan Utara,3,Produksi Menengah dengan Komoditas Buah/Tropis Menonjol,Labu Siam,2025,1833.5,118.418,1715.0819999999999
Kalimantan Utara,3,Produksi Menengah dengan Komoditas Buah/Tropis Menonjol,Melon,2025,556.7,306.0095,250.69050000000004
Kalimantan Utara,3,Produksi Menengah dengan Komoditas Buah/Tropis Menonjol,Paprika,2025,0.5,0.0,0.5
Kalimantan Utara,3,Produksi Menengah dengan Komoditas Buah/Tropis Menonjol,Petsai Sawi,2025,4898.965,2681.268,2217.697
Kalimantan Utara,3,Produksi Menengah dengan Komoditas Buah/Tropis Menonjol,Semangka,2025,3043.603,2793.1945,250.4085
Kalimantan Utara,3,Produksi Menengah dengan Komoditas Buah/Tropis Menonjol,Stroberi,2025,0.0,0.0,0.0
Kalimantan Utara,3,Produksi Menengah dengan Komoditas Buah/Tropis Menonjol,Terung,2025,11028.156,4316.5445,6711.611500000001
Kalimantan Utara,3,Produksi Menengah dengan Komoditas Buah/Tropis Menonjol,Tomat,2025,10753.811,1944.5935,8809.217499999999
Kalimantan Utara,3,Produksi Menengah dengan Komoditas Buah/Tropis Menonjol,Wortel,2025,0.0,0.0,0.0
Kalimantan Utara,3,Produksi Menengah dengan Komoditas Buah/Tropis Menonjol,Cabai Besar Tw Teropong,2025,5381.263,1120.684,4260.579
Kalimantan Utara,3,Produksi Menengah dengan Komoditas Buah/Tropis Menonjol,Cabai Keriting,2025,3379.528,3350.4399999999996,29.088000000000193
Kalimantan Utara,3,Produksi Menengah dengan Komoditas Buah/Tropis Menonjol,Jamur Tiram,2025,5.9030000000000005,56.42,-50.517
Kalimantan Utara,3,Produksi Menengah dengan Komoditas Buah/Tropis Menonjol,Jamur Merang,2025,0.0,0.0,0.0
Kalimantan Utara,3,Produksi Menengah dengan Komoditas Buah/Tropis Menonjol,Jamur Lainnya,2025,0.0,0.005,-0.005
Kepulauan Bangka Belitung,3,Produksi Menengah dengan Komoditas Buah/Tropis Menonjol,Padi,2025,64304.0,302148.0,-237844.0
Kepulauan Bangka Belitung,3,Produksi Menengah dengan Komoditas Buah/Tropis Menonjol,Jagung,2024,0.0,10129.869999999999,-10129.869999999999
Kepulauan Bangka Belitung,3,Produksi Menengah dengan Komoditas Buah/Tropis Menonjol,Alpukat,2025,1720.959,915.872,805.0870000000001
Kepulauan Bangka Belitung,3,Produksi Menengah dengan Komoditas Buah/Tropis Menonjol,Anggur,2025,2.992,3.929,-0.9369999999999998
Kepulauan Bangka Belitung,3,Produksi Menengah dengan Komoditas Buah/Tropis Menonjol,Apel,2025,0.0,0.0,0.0
Kepulauan Bangka Belitung,3,Produksi Menengah dengan Komoditas Buah/Tropis Menonjol,Belimbing,2025,38.145,382.85699999999997,-344.712
Kepulauan Bangka Belitung,3,Produksi Menengah dengan Komoditas Buah/Tropis Menonjol,Duku Langsat Kokosan,2025,319.546,5426.088,-5106.5419999999995
Kepulauan Bangka Belitung,3,Produksi Menengah dengan Komoditas Buah/Tropis Menonjol,Durian,2025,3003.806,11078.991,-8075.1849999999995
Kepulauan Bangka Belitung,3,Produksi Menengah dengan Komoditas Buah/Tropis Menonjol,Jambu Air,2025,589.164,1044.969,-455.80500000000006
Kepulauan Bangka Belitung,3,Produksi Menengah dengan Komoditas Buah/Tropis Menonjol,Jambu Biji,2025,572.4399999999999,1887.7305000000001,-1315.2905
Kepulauan Bangka Belitung,3,Produksi Menengah dengan Komoditas Buah/Tropis Menonjol,Jengkol,2025,182.969,558.8225,-375.8535
Kepulauan Bangka Belitung,3,Produksi Menengah dengan Komoditas Buah/Tropis Menonjol,Jeruk Besar,2025,1.2,104.0915,-102.8915
Kepulauan Bangka Belitung,3,Produksi Menengah dengan Komoditas Buah/Tropis Menonjol,Jeruk Siam Keprok,2025,426.178,6858.23,-6432.052
Kepulauan Bangka Belitung,3,Produksi Menengah dengan Komoditas Buah/Tropis Menonjol,Mangga,2025,1162.746,5644.977500000001,-4482.231500000001
Kepulauan Bangka Belitung,3,Produksi Menengah dengan Komoditas Buah/Tropis Menonjol,Manggis,2025,84.341,613.4375,-529.0965
Kepulauan Bangka Belitung,3,Produksi Menengah dengan Komoditas Buah/Tropis Menonjol,Melinjo,2025,154.788,197.5325,-42.74449999999999
Kepulauan Bangka Belitung,3,Produksi Menengah dengan Komoditas Buah/Tropis Menonjol,Nangka Cempedak,2025,912.045,6747.8255,-5835.7805
Kepulauan Bangka Belitung,3,Produksi Menengah dengan Komoditas Buah/Tropis Menonjol,Nenas,2025,5314.909,4922.494,392.41499999999996
Kepulauan Bangka Belitung,3,Produksi Menengah dengan Komoditas Buah/Tropis Menonjol,Pepaya,2025,1699.973,13265.7045,-11565.7315
Kepulauan Bangka Belitung,3,Produksi Menengah dengan Komoditas Buah/Tropis Menonjol,Petai,2025,547.516,1136.0149999999999,-588.4989999999999
Kepulauan Bangka Belitung,3,Produksi Menengah dengan Komoditas Buah/Tropis Menonjol,Pisang,2025,2175.421,63802.330500000004,-61626.9095
Kepulauan Bangka Belitung,3,Produksi Menengah dengan Komoditas Buah/Tropis Menonjol,Rambutan,2025,1431.656,13072.754,-11641.098000000002
Kepulauan Bangka Belitung,3,Produksi Menengah dengan Komoditas Buah/Tropis Menonjol,Salak,2025,244.451,1462.0205,-1217.5695
Kepulauan Bangka Belitung,3,Produksi Menengah dengan Komoditas Buah/Tropis Menonjol,Sawo,2025,300.185,1063.2655,-763.0805
Kepulauan Bangka Belitung,3,Produksi Menengah dengan Komoditas Buah/Tropis Menonjol,Sirsak,2025,54.206,821.9984999999999,-767.7924999999999
Kepulauan Bangka Belitung,3,Produksi Menengah dengan Komoditas Buah/Tropis Menonjol,Sukun,2025,441.74,1753.6075,-1311.8675
Kepulauan Bangka Belitung,3,Produksi Menengah dengan Komoditas Buah/Tropis Menonjol,Buah Naga,2025,1091.773,983.7665,108.00649999999996
Kepulauan Bangka Belitung,3,Produksi Menengah dengan Komoditas Buah/Tropis Menonjol,Jeruk Lemon,2025,81.08500000000001,177.762,-96.67699999999999
Kepulauan Bangka Belitung,3,Produksi Menengah dengan Komoditas Buah/Tropis Menonjol,Lengkeng,2025,140.738,207.51850000000002,-66.78050000000002
Kepulauan Bangka Belitung,3,Produksi Menengah dengan Komoditas Buah/Tropis Menonjol,Bawang Daun,2025,326.324,466.87449999999995,-140.55049999999994
Kepulauan Bangka Belitung,3,Produksi Menengah dengan Komoditas Buah/Tropis Menonjol,Bawang Merah,2025,54.8,208.027,-153.22699999999998
Kepulauan Bangka Belitung,3,Produksi Menengah dengan Komoditas Buah/Tropis Menonjol,Bawang Putih,2025,0.0,0.0,0.0
Kepulauan Bangka Belitung,3,Produksi Menengah dengan Komoditas Buah/Tropis Menonjol,Bayam,2025,929.218,2889.3695,-1960.1515
Kepulauan Bangka Belitung,3,Produksi Menengah dengan Komoditas Buah/Tropis Menonjol,Buncis,2025,286.329,356.7145,-70.38549999999998
Kepulauan Bangka Belitung,3,Produksi Menengah dengan Komoditas Buah/Tropis Menonjol,Cabai Rawit,2025,6249.528,6465.9985,-216.47049999999945
Kepulauan Bangka Belitung,3,Produksi Menengah dengan Komoditas Buah/Tropis Menonjol,Kacang Panjang,2025,1230.767,3108.3365000000003,-1877.5695000000003
Kepulauan Bangka Belitung,3,Produksi Menengah dengan Komoditas Buah/Tropis Menonjol,Kangkung,2025,1225.144,4972.4765,-3747.3324999999995
Kepulauan Bangka Belitung,3,Produksi Menengah dengan Komoditas Buah/Tropis Menonjol,Kembang Kol,2025,0.0,0.0025,-0.0025
Kepulauan Bangka Belitung,3,Produksi Menengah dengan Komoditas Buah/Tropis Menonjol,Kentang,2025,0.0,0.0,0.0
Kepulauan Bangka Belitung,3,Produksi Menengah dengan Komoditas Buah/Tropis Menonjol,Ketimun,2025,2816.277,3745.6745,-929.3975
Kepulauan Bangka Belitung,3,Produksi Menengah dengan Komoditas Buah/Tropis Menonjol,Kubis,2025,0.0,0.28900000000000003,-0.28900000000000003
Kepulauan Bangka Belitung,3,Produksi Menengah dengan Komoditas Buah/Tropis Menonjol,Labu Siam,2025,0.774,118.418,-117.644
Kepulauan Bangka Belitung,3,Produksi Menengah dengan Komoditas Buah/Tropis Menonjol,Melon,2025,152.79000000000002,306.0095,-153.21949999999998
Kepulauan Bangka Belitung,3,Produksi Menengah dengan Komoditas Buah/Tropis Menonjol,Paprika,2025,0.0,0.0,0.0
Kepulauan Bangka Belitung,3,Produksi Menengah dengan Komoditas Buah/Tropis Menonjol,Petsai Sawi,2025,1019.384,2681.268,-1661.884
Kepulauan Bangka Belitung,3,Produksi Menengah dengan Komoditas Buah/Tropis Menonjol,Semangka,2025,2108.887,2793.1945,-684.3074999999999
Kepulauan Bangka Belitung,3,Produksi Menengah dengan Komoditas Buah/Tropis Menonjol,Stroberi,2025,0.0,0.0,0.0
Kepulauan Bangka Belitung,3,Produksi Menengah dengan Komoditas Buah/Tropis Menonjol,Terung,2025,1913.088,4316.5445,-2403.4565000000002
Kepulauan Bangka Belitung,3,Produksi Menengah dengan Komoditas Buah/Tropis Menonjol,Tomat,2025,944.953,1944.5935,-999.6405
Kepulauan Bangka Belitung,3,Produksi Menengah dengan Komoditas Buah/Tropis Menonjol,Wortel,2025,0.0,0.0,0.0
Kepulauan Bangka Belitung,3,Produksi Menengah dengan Komoditas Buah/Tropis Menonjol,Cabai Besar Tw Teropong,2025,0.0,1120.684,-1120.684
Kepulauan Bangka Belitung,3,Produksi Menengah dengan Komoditas Buah/Tropis Menonjol,Cabai Keriting,2025,4916.416,3350.4399999999996,1565.9760000000006
Kepulauan Bangka Belitung,3,Produksi Menengah dengan Komoditas Buah/Tropis Menonjol,Jamur Tiram,2025,18.926,56.42,-37.494
Kepulauan Bangka Belitung,3,Produksi Menengah dengan Komoditas Buah/Tropis Menonjol,Jamur Merang,2025,0.0,0.0,0.0
Kepulauan Bangka Belitung,3,Produksi Menengah dengan Komoditas Buah/Tropis Menonjol,Jamur Lainnya,2025,0.0,0.005,-0.005
Kepulauan Riau,3,Produksi Menengah dengan Komoditas Buah/Tropis Menonjol,Padi,2025,688.0,302148.0,-301460.0
Kepulauan Riau,3,Produksi Menengah dengan Komoditas Buah/Tropis Menonjol,Jagung,2024,12.0,10129.869999999999,-10117.869999999999
Kepulauan Riau,3,Produksi Menengah dengan Komoditas Buah/Tropis Menonjol,Alpukat,2025,353.175,915.872,-562.6969999999999
Kepulauan Riau,3,Produksi Menengah dengan Komoditas Buah/Tropis Menonjol,Anggur,2025,2.6,3.929,-1.3289999999999997
Kepulauan Riau,3,Produksi Menengah dengan Komoditas Buah/Tropis Menonjol,Apel,2025,0.0,0.0,0.0
Kepulauan Riau,3,Produksi Menengah dengan Komoditas Buah/Tropis Menonjol,Belimbing,2025,166.974,382.85699999999997,-215.88299999999998
Kepulauan Riau,3,Produksi Menengah dengan Komoditas Buah/Tropis Menonjol,Duku Langsat Kokosan,2025,40.735,5426.088,-5385.353
Kepulauan Riau,3,Produksi Menengah dengan Komoditas Buah/Tropis Menonjol,Durian,2025,4252.519,11078.991,-6826.472
Kepulauan Riau,3,Produksi Menengah dengan Komoditas Buah/Tropis Menonjol,Jambu Air,2025,290.267,1044.969,-754.702
Kepulauan Riau,3,Produksi Menengah dengan Komoditas Buah/Tropis Menonjol,Jambu Biji,2025,659.079,1887.7305000000001,-1228.6515000000002
Kepulauan Riau,3,Produksi Menengah dengan Komoditas Buah/Tropis Menonjol,Jengkol,2025,3857.467,558.8225,3298.6445000000003
Kepulauan Riau,3,Produksi Menengah dengan Komoditas Buah/Tropis Menonjol,Jeruk Besar,2025,9.32,104.0915,-94.7715
Kepulauan Riau,3,Produksi Menengah dengan Komoditas Buah/Tropis Menonjol,Jeruk Siam Keprok,2025,88.816,6858.23,-6769.414
Kepulauan Riau,3,Produksi Menengah dengan Komoditas Buah/Tropis Menonjol,Mangga,2025,1980.03,5644.977500000001,-3664.947500000001
Kepulauan Riau,3,Produksi Menengah dengan Komoditas Buah/Tropis Menonjol,Manggis,2025,186.175,613.4375,-427.2625
Kepulauan Riau,3,Produksi Menengah dengan Komoditas Buah/Tropis Menonjol,Melinjo,2025,76.486,197.5325,-121.0465
Kepulauan Riau,3,Produksi Menengah dengan Komoditas Buah/Tropis Menonjol,Nangka Cempedak,2025,3321.7160000000003,6747.8255,-3426.1094999999996
Kepulauan Riau,3,Produksi Menengah dengan Komoditas Buah/Tropis Menonjol,Nenas,2025,4530.079,4922.494,-392.41499999999996
Kepulauan Riau,3,Produksi Menengah dengan Komoditas Buah/Tropis Menonjol,Pepaya,2025,1102.56,13265.7045,-12163.1445
Kepulauan Riau,3,Produksi Menengah dengan Komoditas Buah/Tropis Menonjol,Petai,2025,751.408,1136.0149999999999,-384.60699999999986
Kepulauan Riau,3,Produksi Menengah dengan Komoditas Buah/Tropis Menonjol,Pisang,2025,4302.069,63802.330500000004,-59500.2615
Kepulauan Riau,3,Produksi Menengah dengan Komoditas Buah/Tropis Menonjol,Rambutan,2025,1195.287,13072.754,-11877.467
Kepulauan Riau,3,Produksi Menengah dengan Komoditas Buah/Tropis Menonjol,Salak,2025,84.78999999999999,1462.0205,-1377.2305000000001
Kepulauan Riau,3,Produksi Menengah dengan Komoditas Buah/Tropis Menonjol,Sawo,2025,193.01,1063.2655,-870.2555
Kepulauan Riau,3,Produksi Menengah dengan Komoditas Buah/Tropis Menonjol,Sirsak,2025,120.953,821.9984999999999,-701.0455
Kepulauan Riau,3,Produksi Menengah dengan Komoditas Buah/Tropis Menonjol,Sukun,2025,360.811,1753.6075,-1392.7965000000002
Kepulauan Riau,3,Produksi Menengah dengan Komoditas Buah/Tropis Menonjol,Buah Naga,2025,125.793,983.7665,-857.9735
Kepulauan Riau,3,Produksi Menengah dengan Komoditas Buah/Tropis Menonjol,Jeruk Lemon,2025,21.402,177.762,-156.36
Kepulauan Riau,3,Produksi Menengah dengan Komoditas Buah/Tropis Menonjol,Lengkeng,2025,110.28,207.51850000000002,-97.23850000000002
Kepulauan Riau,3,Produksi Menengah dengan Komoditas Buah/Tropis Menonjol,Bawang Daun,2025,264.40500000000003,466.87449999999995,-202.46949999999993
Kepulauan Riau,3,Produksi Menengah dengan Komoditas Buah/Tropis Menonjol,Bawang Merah,2025,28.68,208.027,-179.34699999999998
Kepulauan Riau,3,Produksi Menengah dengan Komoditas Buah/Tropis Menonjol,Bawang Putih,2025,0.0,0.0,0.0
Kepulauan Riau,3,Produksi Menengah dengan Komoditas Buah/Tropis Menonjol,Bayam,2025,4183.568,2889.3695,1294.1985000000004
Kepulauan Riau,3,Produksi Menengah dengan Komoditas Buah/Tropis Menonjol,Buncis,2025,44.008,356.7145,-312.7065
Kepulauan Riau,3,Produksi Menengah dengan Komoditas Buah/Tropis Menonjol,Cabai Rawit,2025,1454.982,6465.9985,-5011.0165
Kepulauan Riau,3,Produksi Menengah dengan Komoditas Buah/Tropis Menonjol,Kacang Panjang,2025,2938.811,3108.3365000000003,-169.5255000000002
Kepulauan Riau,3,Produksi Menengah dengan Komoditas Buah/Tropis Menonjol,Kangkung,2025,5252.552,4972.4765,280.0754999999999
Kepulauan Riau,3,Produksi Menengah dengan Komoditas Buah/Tropis Menonjol,Kembang Kol,2025,0.0,0.0025,-0.0025
Kepulauan Riau,3,Produksi Menengah dengan Komoditas Buah/Tropis Menonjol,Kentang,2025,0.0,0.0,0.0
Kepulauan Riau,3,Produksi Menengah dengan Komoditas Buah/Tropis Menonjol,Ketimun,2025,3474.111,3745.6745,-271.5635000000002
Kepulauan Riau,3,Produksi Menengah dengan Komoditas Buah/Tropis Menonjol,Kubis,2025,0.0,0.28900000000000003,-0.28900000000000003
Kepulauan Riau,3,Produksi Menengah dengan Komoditas Buah/Tropis Menonjol,Labu Siam,2025,0.0,118.418,-118.418
Kepulauan Riau,3,Produksi Menengah dengan Komoditas Buah/Tropis Menonjol,Melon,2025,129.25,306.0095,-176.7595
Kepulauan Riau,3,Produksi Menengah dengan Komoditas Buah/Tropis Menonjol,Paprika,2025,0.0,0.0,0.0
Kepulauan Riau,3,Produksi Menengah dengan Komoditas Buah/Tropis Menonjol,Petsai Sawi,2025,3926.784,2681.268,1245.516
Kepulauan Riau,3,Produksi Menengah dengan Komoditas Buah/Tropis Menonjol,Semangka,2025,1990.577,2793.1945,-802.6175000000001
Kepulauan Riau,3,Produksi Menengah dengan Komoditas Buah/Tropis Menonjol,Stroberi,2025,0.0,0.0,0.0
Kepulauan Riau,3,Produksi Menengah dengan Komoditas Buah/Tropis Menonjol,Terung,2025,414.739,4316.5445,-3901.8055
Kepulauan Riau,3,Produksi Menengah dengan Komoditas Buah/Tropis Menonjol,Tomat,2025,187.275,1944.5935,-1757.3184999999999
Kepulauan Riau,3,Produksi Menengah dengan Komoditas Buah/Tropis Menonjol,Wortel,2025,7.0,0.0,7.0
Kepulauan Riau,3,Produksi Menengah dengan Komoditas Buah/Tropis Menonjol,Cabai Besar Tw Teropong,2025,343.117,1120.684,-777.567
Kepulauan Riau,3,Produksi Menengah dengan Komoditas Buah/Tropis Menonjol,Cabai Keriting,2025,3157.494,3350.4399999999996,-192.94599999999946
Kepulauan Riau,3,Produksi Menengah dengan Komoditas Buah/Tropis Menonjol,Jamur Tiram,2025,43.54,56.42,-12.880000000000003
Kepulauan Riau,3,Produksi Menengah dengan Komoditas Buah/Tropis Menonjol,Jamur Merang,2025,0.0,0.0,0.0
Kepulauan Riau,3,Produksi Menengah dengan Komoditas Buah/Tropis Menonjol,Jamur Lainnya,2025,0.0,0.005,-0.005
Lampung,1,Produksi Tinggi dengan Hortikultura Dataran Tinggi Menonjol,Padi,2025,3252627.0,1382697.0,1869930.0
Lampung,1,Produksi Tinggi dengan Hortikultura Dataran Tinggi Menonjol,Jagung,2024,1107739.0,293052.3,814686.7
Lampung,1,Produksi Tinggi dengan Hortikultura Dataran Tinggi Menonjol,Alpukat,2025,53616.677,15818.154,37798.523
Lampung,1,Produksi Tinggi dengan Hortikultura Dataran Tinggi Menonjol,Anggur,2025,245.792,13.408,232.38400000000001
Lampung,1,Produksi Tinggi dengan Hortikultura Dataran Tinggi Menonjol,Apel,2025,0.0,0.1,-0.1
Lampung,1,Produksi Tinggi dengan Hortikultura Dataran Tinggi Menonjol,Belimbing,2025,2791.457,534.188,2257.269
Lampung,1,Produksi Tinggi dengan Hortikultura Dataran Tinggi Menonjol,Duku Langsat Kokosan,2025,14671.291,4868.984,9802.306999999999
Lampung,1,Produksi Tinggi dengan Hortikultura Dataran Tinggi Menonjol,Durian,2025,71095.2,50551.826,20543.373999999996
Lampung,1,Produksi Tinggi dengan Hortikultura Dataran Tinggi Menonjol,Jambu Air,2025,37053.145,3459.0160000000005,33594.12899999999
Lampung,1,Produksi Tinggi dengan Hortikultura Dataran Tinggi Menonjol,Jambu Biji,2025,25896.22,5101.7300000000005,20794.49
Lampung,1,Produksi Tinggi dengan Hortikultura Dataran Tinggi Menonjol,Jengkol,2025,22901.75,4621.794,18279.956
Lampung,1,Produksi Tinggi dengan Hortikultura Dataran Tinggi Menonjol,Jeruk Besar,2025,2612.742,353.255,2259.487
Lampung,1,Produksi Tinggi dengan Hortikultura Dataran Tinggi Menonjol,Jeruk Siam Keprok,2025,92732.694,29358.92,63373.774000000005
Lampung,1,Produksi Tinggi dengan Hortikultura Dataran Tinggi Menonjol,Mangga,2025,34667.767,23588.604,11079.163
Lampung,1,Produksi Tinggi dengan Hortikultura Dataran Tinggi Menonjol,Manggis,2025,18244.687,6179.477,12065.210000000003
Lampung,1,Produksi Tinggi dengan Hortikultura Dataran Tinggi Menonjol,Melinjo,2025,18194.777,749.5899999999999,17445.186999999998
Lampung,1,Produksi Tinggi dengan Hortikultura Dataran Tinggi Menonjol,Nangka Cempedak,2025,44755.024,12718.634,32036.39
Lampung,1,Produksi Tinggi dengan Hortikultura Dataran Tinggi Menonjol,Nenas,2025,698901.953,17836.272,681065.681
Lampung,1,Produksi Tinggi dengan Hortikultura Dataran Tinggi Menonjol,Pepaya,2025,81113.789,30850.583,50263.206000000006
Lampung,1,Produksi Tinggi dengan Hortikultura Dataran Tinggi Menonjol,Petai,2025,25382.805,2337.795,23045.010000000002
Lampung,1,Produksi Tinggi dengan Hortikultura Dataran Tinggi Menonjol,Pisang,2025,2001363.9760000005,134617.75,1866746.2260000005
Lampung,1,Produksi Tinggi dengan Hortikultura Dataran Tinggi Menonjol,Rambutan,2025,33753.11,10445.254,23307.856
Lampung,1,Produksi Tinggi dengan Hortikultura Dataran Tinggi Menonjol,Salak,2025,11740.581,1338.267,10402.314
Lampung,1,Produksi Tinggi dengan Hortikultura Dataran Tinggi Menonjol,Sawo,2025,37373.145,2752.802,34620.34299999999
Lampung,1,Produksi Tinggi dengan Hortikultura Dataran Tinggi Menonjol,Sirsak,2025,5490.17,1601.452,3888.718
Lampung,1,Produksi Tinggi dengan Hortikultura Dataran Tinggi Menonjol,Sukun,2025,21218.988,1617.9,19601.088
Lampung,1,Produksi Tinggi dengan Hortikultura Dataran Tinggi Menonjol,Buah Naga,2025,3801.609,3801.609,0.0
Lampung,1,Produksi Tinggi dengan Hortikultura Dataran Tinggi Menonjol,Jeruk Lemon,2025,1640.289,966.505,673.784
Lampung,1,Produksi Tinggi dengan Hortikultura Dataran Tinggi Menonjol,Lengkeng,2025,6804.264999999999,510.205,6294.0599999999995
Lampung,1,Produksi Tinggi dengan Hortikultura Dataran Tinggi Menonjol,Bawang Daun,2025,4013.352,4013.352,0.0
Lampung,1,Produksi Tinggi dengan Hortikultura Dataran Tinggi Menonjol,Bawang Merah,2025,1289.78,13281.55,-11991.769999999999
Lampung,1,Produksi Tinggi dengan Hortikultura Dataran Tinggi Menonjol,Bawang Putih,2025,0.0,0.2,-0.2
Lampung,1,Produksi Tinggi dengan Hortikultura Dataran Tinggi Menonjol,Bayam,2025,6567.389,4230.219,2337.17
Lampung,1,Produksi Tinggi dengan Hortikultura Dataran Tinggi Menonjol,Buncis,2025,4233.31,4233.31,0.0
Lampung,1,Produksi Tinggi dengan Hortikultura Dataran Tinggi Menonjol,Cabai Rawit,2025,13255.626,27280.977000000003,-14025.351000000002
Lampung,1,Produksi Tinggi dengan Hortikultura Dataran Tinggi Menonjol,Kacang Panjang,2025,10701.262,7758.957,2942.3050000000003
Lampung,1,Produksi Tinggi dengan Hortikultura Dataran Tinggi Menonjol,Kangkung,2025,12782.685,7019.041,5763.643999999999
Lampung,1,Produksi Tinggi dengan Hortikultura Dataran Tinggi Menonjol,Kembang Kol,2025,696.3520000000001,801.15,-104.79799999999989
Lampung,1,Produksi Tinggi dengan Hortikultura Dataran Tinggi Menonjol,Kentang,2025,145.8,2162.4,-2016.6000000000001
Lampung,1,Produksi Tinggi dengan Hortikultura Dataran Tinggi Menonjol,Ketimun,2025,10613.685,6146.168,4467.517
Lampung,1,Produksi Tinggi dengan Hortikultura Dataran Tinggi Menonjol,Kubis,2025,5653.26,11576.85,-5923.59
Lampung,1,Produksi Tinggi dengan Hortikultura Dataran Tinggi Menonjol,Labu Siam,2025,2488.075,7958.75,-5470.675
Lampung,1,Produksi Tinggi dengan Hortikultura Dataran Tinggi Menonjol,Melon,2025,3221.391,830.5649999999999,2390.826
Lampung,1,Produksi Tinggi dengan Hortikultura Dataran Tinggi Menonjol,Paprika,2025,0.0,3.0,-3.0
Lampung,1,Produksi Tinggi dengan Hortikultura Dataran Tinggi Menonjol,Petsai Sawi,2025,11414.652,11414.652,0.0
Lampung,1,Produksi Tinggi dengan Hortikultura Dataran Tinggi Menonjol,Semangka,2025,14062.179999999998,9174.8,4887.379999999999
Lampung,1,Produksi Tinggi dengan Hortikultura Dataran Tinggi Menonjol,Stroberi,2025,0.003,26.3,-26.297
Lampung,1,Produksi Tinggi dengan Hortikultura Dataran Tinggi Menonjol,Terung,2025,18973.942000000003,12491.988,6481.954000000003
Lampung,1,Produksi Tinggi dengan Hortikultura Dataran Tinggi Menonjol,Tomat,2025,15612.291,23964.93,-8352.639000000001
Lampung,1,Produksi Tinggi dengan Hortikultura Dataran Tinggi Menonjol,Wortel,2025,6627.95,6627.95,0.0
Lampung,1,Produksi Tinggi dengan Hortikultura Dataran Tinggi Menonjol,Cabai Besar Tw Teropong,2025,4596.201999999999,2973.547,1622.6549999999993
Lampung,1,Produksi Tinggi dengan Hortikultura Dataran Tinggi Menonjol,Cabai Keriting,2025,19442.353,15893.857,3548.495999999999
Lampung,1,Produksi Tinggi dengan Hortikultura Dataran Tinggi Menonjol,Jamur Tiram,2025,520.001,104.339,415.662
Lampung,1,Produksi Tinggi dengan Hortikultura Dataran Tinggi Menonjol,Jamur Merang,2025,211.507,0.0,211.507
Lampung,1,Produksi Tinggi dengan Hortikultura Dataran Tinggi Menonjol,Jamur Lainnya,2025,78.262,0.0,78.262
Maluku,3,Produksi Menengah dengan Komoditas Buah/Tropis Menonjol,Padi,2025,103819.0,302148.0,-198329.0
Maluku,3,Produksi Menengah dengan Komoditas Buah/Tropis Menonjol,Jagung,2024,7582.6,10129.869999999999,-2547.2699999999986
Maluku,3,Produksi Menengah dengan Komoditas Buah/Tropis Menonjol,Alpukat,2025,667.8050000000001,915.872,-248.0669999999999
Maluku,3,Produksi Menengah dengan Komoditas Buah/Tropis Menonjol,Anggur,2025,0.0,3.929,-3.929
Maluku,3,Produksi Menengah dengan Komoditas Buah/Tropis Menonjol,Apel,2025,0.0,0.0,0.0
Maluku,3,Produksi Menengah dengan Komoditas Buah/Tropis Menonjol,Belimbing,2025,286.806,382.85699999999997,-96.05099999999999
Maluku,3,Produksi Menengah dengan Komoditas Buah/Tropis Menonjol,Duku Langsat Kokosan,2025,6489.572,5426.088,1063.4840000000004
Maluku,3,Produksi Menengah dengan Komoditas Buah/Tropis Menonjol,Durian,2025,3807.015,11078.991,-7271.976000000001
Maluku,3,Produksi Menengah dengan Komoditas Buah/Tropis Menonjol,Jambu Air,2025,546.236,1044.969,-498.73300000000006
Maluku,3,Produksi Menengah dengan Komoditas Buah/Tropis Menonjol,Jambu Biji,2025,465.849,1887.7305000000001,-1421.8815000000002
Maluku,3,Produksi Menengah dengan Komoditas Buah/Tropis Menonjol,Jengkol,2025,34.88,558.8225,-523.9425
Maluku,3,Produksi Menengah dengan Komoditas Buah/Tropis Menonjol,Jeruk Besar,2025,417.008,104.0915,312.9165
Maluku,3,Produksi Menengah dengan Komoditas Buah/Tropis Menonjol,Jeruk Siam Keprok,2025,5788.492,6858.23,-1069.7379999999994
Maluku,3,Produksi Menengah dengan Komoditas Buah/Tropis Menonjol,Mangga,2025,3102.2380000000003,5644.977500000001,-2542.7395000000006
Maluku,3,Produksi Menengah dengan Komoditas Buah/Tropis Menonjol,Manggis,2025,319.213,613.4375,-294.2245
Maluku,3,Produksi Menengah dengan Komoditas Buah/Tropis Menonjol,Melinjo,2025,167.74,197.5325,-29.79249999999999
Maluku,3,Produksi Menengah dengan Komoditas Buah/Tropis Menonjol,Nangka Cempedak,2025,1615.411,6747.8255,-5132.4145
Maluku,3,Produksi Menengah dengan Komoditas Buah/Tropis Menonjol,Nenas,2025,2884.413,4922.494,-2038.0809999999997
Maluku,3,Produksi Menengah dengan Komoditas Buah/Tropis Menonjol,Pepaya,2025,16478.627,13265.7045,3212.9225000000006
Maluku,3,Produksi Menengah dengan Komoditas Buah/Tropis Menonjol,Petai,2025,195.966,1136.0149999999999,-940.0489999999999
Maluku,3,Produksi Menengah dengan Komoditas Buah/Tropis Menonjol,Pisang,2025,41925.601,63802.330500000004,-21876.7295
Maluku,3,Produksi Menengah dengan Komoditas Buah/Tropis Menonjol,Rambutan,2025,472.896,13072.754,-12599.858
Maluku,3,Produksi Menengah dengan Komoditas Buah/Tropis Menonjol,Salak,2025,817.133,1462.0205,-644.8875
Maluku,3,Produksi Menengah dengan Komoditas Buah/Tropis Menonjol,Sawo,2025,4.942,1063.2655,-1058.3235
Maluku,3,Produksi Menengah dengan Komoditas Buah/Tropis Menonjol,Sirsak,2025,205.799,821.9984999999999,-616.1995
Maluku,3,Produksi Menengah dengan Komoditas Buah/Tropis Menonjol,Sukun,2025,1987.045,1753.6075,233.4375
Maluku,3,Produksi Menengah dengan Komoditas Buah/Tropis Menonjol,Buah Naga,2025,536.135,983.7665,-447.63149999999996
Maluku,3,Produksi Menengah dengan Komoditas Buah/Tropis Menonjol,Jeruk Lemon,2025,370.868,177.762,193.106
Maluku,3,Produksi Menengah dengan Komoditas Buah/Tropis Menonjol,Lengkeng,2025,63.0,207.51850000000002,-144.51850000000002
Maluku,3,Produksi Menengah dengan Komoditas Buah/Tropis Menonjol,Bawang Daun,2025,362.313,466.87449999999995,-104.56149999999997
Maluku,3,Produksi Menengah dengan Komoditas Buah/Tropis Menonjol,Bawang Merah,2025,325.044,208.027,117.017
Maluku,3,Produksi Menengah dengan Komoditas Buah/Tropis Menonjol,Bawang Putih,2025,0.0,0.0,0.0
Maluku,3,Produksi Menengah dengan Komoditas Buah/Tropis Menonjol,Bayam,2025,629.507,2889.3695,-2259.8624999999997
Maluku,3,Produksi Menengah dengan Komoditas Buah/Tropis Menonjol,Buncis,2025,913.484,356.7145,556.7695000000001
Maluku,3,Produksi Menengah dengan Komoditas Buah/Tropis Menonjol,Cabai Rawit,2025,3021.664,6465.9985,-3444.3344999999995
Maluku,3,Produksi Menengah dengan Komoditas Buah/Tropis Menonjol,Kacang Panjang,2025,1147.071,3108.3365000000003,-1961.2655000000004
Maluku,3,Produksi Menengah dengan Komoditas Buah/Tropis Menonjol,Kangkung,2025,2216.916,4972.4765,-2755.5604999999996
Maluku,3,Produksi Menengah dengan Komoditas Buah/Tropis Menonjol,Kembang Kol,2025,51.672,0.0025,51.6695
Maluku,3,Produksi Menengah dengan Komoditas Buah/Tropis Menonjol,Kentang,2025,9.6,0.0,9.6
Maluku,3,Produksi Menengah dengan Komoditas Buah/Tropis Menonjol,Ketimun,2025,1851.378,3745.6745,-1894.2965000000002
Maluku,3,Produksi Menengah dengan Komoditas Buah/Tropis Menonjol,Kubis,2025,379.388,0.28900000000000003,379.099
Maluku,3,Produksi Menengah dengan Komoditas Buah/Tropis Menonjol,Labu Siam,2025,113.95,118.418,-4.4680000000000035
Maluku,3,Produksi Menengah dengan Komoditas Buah/Tropis Menonjol,Melon,2025,59.45,306.0095,-246.5595
Maluku,3,Produksi Menengah dengan Komoditas Buah/Tropis Menonjol,Paprika,2025,8.318000000000001,0.0,8.318000000000001
Maluku,3,Produksi Menengah dengan Komoditas Buah/Tropis Menonjol,Petsai Sawi,2025,1853.494,2681.268,-827.7740000000001
Maluku,3,Produksi Menengah dengan Komoditas Buah/Tropis Menonjol,Semangka,2025,960.283,2793.1945,-1832.9115000000002
Maluku,3,Produksi Menengah dengan Komoditas Buah/Tropis Menonjol,Stroberi,2025,0.0,0.0,0.0
Maluku,3,Produksi Menengah dengan Komoditas Buah/Tropis Menonjol,Terung,2025,1679.438,4316.5445,-2637.1065
Maluku,3,Produksi Menengah dengan Komoditas Buah/Tropis Menonjol,Tomat,2025,2025.42,1944.5935,80.82650000000012
Maluku,3,Produksi Menengah dengan Komoditas Buah/Tropis Menonjol,Wortel,2025,4.9,0.0,4.9
Maluku,3,Produksi Menengah dengan Komoditas Buah/Tropis Menonjol,Cabai Besar Tw Teropong,2025,126.13,1120.684,-994.554
Maluku,3,Produksi Menengah dengan Komoditas Buah/Tropis Menonjol,Cabai Keriting,2025,1850.496,3350.4399999999996,-1499.9439999999995
Maluku,3,Produksi Menengah dengan Komoditas Buah/Tropis Menonjol,Jamur Tiram,2025,0.0419999999999999,56.42,-56.378
Maluku,3,Produksi Menengah dengan Komoditas Buah/Tropis Menonjol,Jamur Merang,2025,0.0,0.0,0.0
Maluku,3,Produksi Menengah dengan Komoditas Buah/Tropis Menonjol,Jamur Lainnya,2025,0.0,0.005,-0.005
Maluku Utara,3,Produksi Menengah dengan Komoditas Buah/Tropis Menonjol,Padi,2025,22642.0,302148.0,-279506.0
Maluku Utara,3,Produksi Menengah dengan Komoditas Buah/Tropis Menonjol,Jagung,2024,4530.02,10129.869999999999,-5599.8499999999985
Maluku Utara,3,Produksi Menengah dengan Komoditas Buah/Tropis Menonjol,Alpukat,2025,704.5060000000001,915.872,-211.36599999999987
Maluku Utara,3,Produksi Menengah dengan Komoditas Buah/Tropis Menonjol,Anggur,2025,0.0,3.929,-3.929
Maluku Utara,3,Produksi Menengah dengan Komoditas Buah/Tropis Menonjol,Apel,2025,0.0,0.0,0.0
Maluku Utara,3,Produksi Menengah dengan Komoditas Buah/Tropis Menonjol,Belimbing,2025,190.78,382.85699999999997,-192.07699999999997
Maluku Utara,3,Produksi Menengah dengan Komoditas Buah/Tropis Menonjol,Duku Langsat Kokosan,2025,7251.666999999999,5426.088,1825.5789999999988
Maluku Utara,3,Produksi Menengah dengan Komoditas Buah/Tropis Menonjol,Durian,2025,9002.299,11078.991,-2076.691999999999
Maluku Utara,3,Produksi Menengah dengan Komoditas Buah/Tropis Menonjol,Jambu Air,2025,647.319,1044.969,-397.6500000000001
Maluku Utara,3,Produksi Menengah dengan Komoditas Buah/Tropis Menonjol,Jambu Biji,2025,230.391,1887.7305000000001,-1657.3395
Maluku Utara,3,Produksi Menengah dengan Komoditas Buah/Tropis Menonjol,Jengkol,2025,0.0,558.8225,-558.8225
Maluku Utara,3,Produksi Menengah dengan Komoditas Buah/Tropis Menonjol,Jeruk Besar,2025,35.328,104.0915,-68.7635
Maluku Utara,3,Produksi Menengah dengan Komoditas Buah/Tropis Menonjol,Jeruk Siam Keprok,2025,672.295,6858.23,-6185.9349999999995
Maluku Utara,3,Produksi Menengah dengan Komoditas Buah/Tropis Menonjol,Mangga,2025,3527.249,5644.977500000001,-2117.728500000001
Maluku Utara,3,Produksi Menengah dengan Komoditas Buah/Tropis Menonjol,Manggis,2025,932.789,613.4375,319.3515
Maluku Utara,3,Produksi Menengah dengan Komoditas Buah/Tropis Menonjol,Melinjo,2025,377.57,197.5325,180.0375
Maluku Utara,3,Produksi Menengah dengan Komoditas Buah/Tropis Menonjol,Nangka Cempedak,2025,1418.215,6747.8255,-5329.6105
Maluku Utara,3,Produksi Menengah dengan Komoditas Buah/Tropis Menonjol,Nenas,2025,179.404,4922.494,-4743.09
Maluku Utara,3,Produksi Menengah dengan Komoditas Buah/Tropis Menonjol,Pepaya,2025,1058.746,13265.7045,-12206.9585
Maluku Utara,3,Produksi Menengah dengan Komoditas Buah/Tropis Menonjol,Petai,2025,0.236,1136.0149999999999,-1135.7789999999998
Maluku Utara,3,Produksi Menengah dengan Komoditas Buah/Tropis Menonjol,Pisang,2025,8028.763000000001,63802.330500000004,-55773.567500000005
Maluku Utara,3,Produksi Menengah dengan Komoditas Buah/Tropis Menonjol,Rambutan,2025,6638.886,13072.754,-6433.868
Maluku Utara,3,Produksi Menengah dengan Komoditas Buah/Tropis Menonjol,Salak,2025,1525.676,1462.0205,63.65549999999985
Maluku Utara,3,Produksi Menengah dengan Komoditas Buah/Tropis Menonjol,Sawo,2025,9.436,1063.2655,-1053.8295
Maluku Utara,3,Produksi Menengah dengan Komoditas Buah/Tropis Menonjol,Sirsak,2025,322.758,821.9984999999999,-499.24049999999994
Maluku Utara,3,Produksi Menengah dengan Komoditas Buah/Tropis Menonjol,Sukun,2025,294.04,1753.6075,-1459.5675
Maluku Utara,3,Produksi Menengah dengan Komoditas Buah/Tropis Menonjol,Buah Naga,2025,158.47,983.7665,-825.2964999999999
Maluku Utara,3,Produksi Menengah dengan Komoditas Buah/Tropis Menonjol,Jeruk Lemon,2025,19.96,177.762,-157.802
Maluku Utara,3,Produksi Menengah dengan Komoditas Buah/Tropis Menonjol,Lengkeng,2025,212.69,207.51850000000002,5.1714999999999804
Maluku Utara,3,Produksi Menengah dengan Komoditas Buah/Tropis Menonjol,Bawang Daun,2025,1184.686,466.87449999999995,717.8115
Maluku Utara,3,Produksi Menengah dengan Komoditas Buah/Tropis Menonjol,Bawang Merah,2025,333.87600000000003,208.027,125.84900000000005
Maluku Utara,3,Produksi Menengah dengan Komoditas Buah/Tropis Menonjol,Bawang Putih,2025,0.0,0.0,0.0
Maluku Utara,3,Produksi Menengah dengan Komoditas Buah/Tropis Menonjol,Bayam,2025,703.7810000000001,2889.3695,-2185.5885
Maluku Utara,3,Produksi Menengah dengan Komoditas Buah/Tropis Menonjol,Buncis,2025,418.582,356.7145,61.86750000000001
Maluku Utara,3,Produksi Menengah dengan Komoditas Buah/Tropis Menonjol,Cabai Rawit,2025,5695.977,6465.9985,-770.0214999999998
Maluku Utara,3,Produksi Menengah dengan Komoditas Buah/Tropis Menonjol,Kacang Panjang,2025,2768.438,3108.3365000000003,-339.89850000000024
Maluku Utara,3,Produksi Menengah dengan Komoditas Buah/Tropis Menonjol,Kangkung,2025,1912.05,4972.4765,-3060.4264999999996
Maluku Utara,3,Produksi Menengah dengan Komoditas Buah/Tropis Menonjol,Kembang Kol,2025,0.0,0.0025,-0.0025
Maluku Utara,3,Produksi Menengah dengan Komoditas Buah/Tropis Menonjol,Kentang,2025,0.0,0.0,0.0
Maluku Utara,3,Produksi Menengah dengan Komoditas Buah/Tropis Menonjol,Ketimun,2025,2478.034,3745.6745,-1267.6405
Maluku Utara,3,Produksi Menengah dengan Komoditas Buah/Tropis Menonjol,Kubis,2025,9.3,0.28900000000000003,9.011000000000001
Maluku Utara,3,Produksi Menengah dengan Komoditas Buah/Tropis Menonjol,Labu Siam,2025,555.419,118.418,437.001
Maluku Utara,3,Produksi Menengah dengan Komoditas Buah/Tropis Menonjol,Melon,2025,61.6,306.0095,-244.4095
Maluku Utara,3,Produksi Menengah dengan Komoditas Buah/Tropis Menonjol,Paprika,2025,0.0,0.0,0.0
Maluku Utara,3,Produksi Menengah dengan Komoditas Buah/Tropis Menonjol,Petsai Sawi,2025,1721.913,2681.268,-959.355
Maluku Utara,3,Produksi Menengah dengan Komoditas Buah/Tropis Menonjol,Semangka,2025,1146.605,2793.1945,-1646.5895
Maluku Utara,3,Produksi Menengah dengan Komoditas Buah/Tropis Menonjol,Stroberi,2025,0.0,0.0,0.0
Maluku Utara,3,Produksi Menengah dengan Komoditas Buah/Tropis Menonjol,Terung,2025,4287.174,4316.5445,-29.370499999999993
Maluku Utara,3,Produksi Menengah dengan Komoditas Buah/Tropis Menonjol,Tomat,2025,12118.581,1944.5935,10173.9875
Maluku Utara,3,Produksi Menengah dengan Komoditas Buah/Tropis Menonjol,Wortel,2025,0.0,0.0,0.0
Maluku Utara,3,Produksi Menengah dengan Komoditas Buah/Tropis Menonjol,Cabai Besar Tw Teropong,2025,49.365,1120.684,-1071.319
Maluku Utara,3,Produksi Menengah dengan Komoditas Buah/Tropis Menonjol,Cabai Keriting,2025,7024.972,3350.4399999999996,3674.532
Maluku Utara,3,Produksi Menengah dengan Komoditas Buah/Tropis Menonjol,Jamur Tiram,2025,0.0,56.42,-56.42
Maluku Utara,3,Produksi Menengah dengan Komoditas Buah/Tropis Menonjol,Jamur Merang,2025,0.0,0.0,0.0
Maluku Utara,3,Produksi Menengah dengan Komoditas Buah/Tropis Menonjol,Jamur Lainnya,2025,0.01,0.005,0.005
Nusa Tenggara Barat,1,Produksi Tinggi dengan Hortikultura Dataran Tinggi Menonjol,Padi,2025,1708619.0,1382697.0,325922.0
Nusa Tenggara Barat,1,Produksi Tinggi dengan Hortikultura Dataran Tinggi Menonjol,Jagung,2024,1209784.0,293052.3,916731.7
Nusa Tenggara Barat,1,Produksi Tinggi dengan Hortikultura Dataran Tinggi Menonjol,Alpukat,2025,18225.892,15818.154,2407.7379999999994
Nusa Tenggara Barat,1,Produksi Tinggi dengan Hortikultura Dataran Tinggi Menonjol,Anggur,2025,383.16,13.408,369.752
Nusa Tenggara Barat,1,Produksi Tinggi dengan Hortikultura Dataran Tinggi Menonjol,Apel,2025,142.5,0.1,142.4
Nusa Tenggara Barat,1,Produksi Tinggi dengan Hortikultura Dataran Tinggi Menonjol,Belimbing,2025,534.188,534.188,0.0
Nusa Tenggara Barat,1,Produksi Tinggi dengan Hortikultura Dataran Tinggi Menonjol,Duku Langsat Kokosan,2025,402.774,4868.984,-4466.21
Nusa Tenggara Barat,1,Produksi Tinggi dengan Hortikultura Dataran Tinggi Menonjol,Durian,2025,25286.663,50551.826,-25265.163
Nusa Tenggara Barat,1,Produksi Tinggi dengan Hortikultura Dataran Tinggi Menonjol,Jambu Air,2025,3459.0160000000005,3459.0160000000005,0.0
Nusa Tenggara Barat,1,Produksi Tinggi dengan Hortikultura Dataran Tinggi Menonjol,Jambu Biji,2025,11653.888,5101.7300000000005,6552.158
Nusa Tenggara Barat,1,Produksi Tinggi dengan Hortikultura Dataran Tinggi Menonjol,Jengkol,2025,0.0,4621.794,-4621.794
Nusa Tenggara Barat,1,Produksi Tinggi dengan Hortikultura Dataran Tinggi Menonjol,Jeruk Besar,2025,1011.701,353.255,658.446
Nusa Tenggara Barat,1,Produksi Tinggi dengan Hortikultura Dataran Tinggi Menonjol,Jeruk Siam Keprok,2025,5898.344999999999,29358.92,-23460.574999999997
Nusa Tenggara Barat,1,Produksi Tinggi dengan Hortikultura Dataran Tinggi Menonjol,Mangga,2025,130522.148,23588.604,106933.544
Nusa Tenggara Barat,1,Produksi Tinggi dengan Hortikultura Dataran Tinggi Menonjol,Manggis,2025,6179.477,6179.477,0.0
Nusa Tenggara Barat,1,Produksi Tinggi dengan Hortikultura Dataran Tinggi Menonjol,Melinjo,2025,1160.256,749.5899999999999,410.66600000000017
Nusa Tenggara Barat,1,Produksi Tinggi dengan Hortikultura Dataran Tinggi Menonjol,Nangka Cempedak,2025,64876.169,12718.634,52157.535
Nusa Tenggara Barat,1,Produksi Tinggi dengan Hortikultura Dataran Tinggi Menonjol,Nenas,2025,88515.24100000001,17836.272,70678.96900000001
Nusa Tenggara Barat,1,Produksi Tinggi dengan Hortikultura Dataran Tinggi Menonjol,Pepaya,2025,17444.666,30850.583,-13405.916999999998
Nusa Tenggara Barat,1,Produksi Tinggi dengan Hortikultura Dataran Tinggi Menonjol,Petai,2025,48.584,2337.795,-2289.2110000000002
Nusa Tenggara Barat,1,Produksi Tinggi dengan Hortikultura Dataran Tinggi Menonjol,Pisang,2025,87504.065,134617.75,-47113.685
Nusa Tenggara Barat,1,Produksi Tinggi dengan Hortikultura Dataran Tinggi Menonjol,Rambutan,2025,9564.975,10445.254,-880.2790000000005
Nusa Tenggara Barat,1,Produksi Tinggi dengan Hortikultura Dataran Tinggi Menonjol,Salak,2025,301.232,1338.267,-1037.035
Nusa Tenggara Barat,1,Produksi Tinggi dengan Hortikultura Dataran Tinggi Menonjol,Sawo,2025,17248.898999999998,2752.802,14496.096999999998
Nusa Tenggara Barat,1,Produksi Tinggi dengan Hortikultura Dataran Tinggi Menonjol,Sirsak,2025,4029.994,1601.452,2428.5420000000004
Nusa Tenggara Barat,1,Produksi Tinggi dengan Hortikultura Dataran Tinggi Menonjol,Sukun,2025,505.532,1617.9,-1112.3680000000002
Nusa Tenggara Barat,1,Produksi Tinggi dengan Hortikultura Dataran Tinggi Menonjol,Buah Naga,2025,4640.721,3801.609,839.1119999999996
Nusa Tenggara Barat,1,Produksi Tinggi dengan Hortikultura Dataran Tinggi Menonjol,Jeruk Lemon,2025,45.309,966.505,-921.196
Nusa Tenggara Barat,1,Produksi Tinggi dengan Hortikultura Dataran Tinggi Menonjol,Lengkeng,2025,2905.736,510.205,2395.531
Nusa Tenggara Barat,1,Produksi Tinggi dengan Hortikultura Dataran Tinggi Menonjol,Bawang Daun,2025,3893.2,4013.352,-120.15200000000004
Nusa Tenggara Barat,1,Produksi Tinggi dengan Hortikultura Dataran Tinggi Menonjol,Bawang Merah,2025,171549.688,13281.55,158268.138
Nusa Tenggara Barat,1,Produksi Tinggi dengan Hortikultura Dataran Tinggi Menonjol,Bawang Putih,2025,11659.57,0.2,11659.369999999999
Nusa Tenggara Barat,1,Produksi Tinggi dengan Hortikultura Dataran Tinggi Menonjol,Bayam,2025,598.853,4230.219,-3631.366
Nusa Tenggara Barat,1,Produksi Tinggi dengan Hortikultura Dataran Tinggi Menonjol,Buncis,2025,349.184,4233.31,-3884.126
Nusa Tenggara Barat,1,Produksi Tinggi dengan Hortikultura Dataran Tinggi Menonjol,Cabai Rawit,2025,90558.708,27280.977000000003,63277.731
Nusa Tenggara Barat,1,Produksi Tinggi dengan Hortikultura Dataran Tinggi Menonjol,Kacang Panjang,2025,2423.1490000000003,7758.957,-5335.808
Nusa Tenggara Barat,1,Produksi Tinggi dengan Hortikultura Dataran Tinggi Menonjol,Kangkung,2025,7019.041,7019.041,0.0
Nusa Tenggara Barat,1,Produksi Tinggi dengan Hortikultura Dataran Tinggi Menonjol,Kembang Kol,2025,801.15,801.15,0.0
Nusa Tenggara Barat,1,Produksi Tinggi dengan Hortikultura Dataran Tinggi Menonjol,Kentang,2025,1777.1,2162.4,-385.3000000000002
Nusa Tenggara Barat,1,Produksi Tinggi dengan Hortikultura Dataran Tinggi Menonjol,Ketimun,2025,3359.345,6146.168,-2786.823
Nusa Tenggara Barat,1,Produksi Tinggi dengan Hortikultura Dataran Tinggi Menonjol,Kubis,2025,13938.984,11576.85,2362.134
Nusa Tenggara Barat,1,Produksi Tinggi dengan Hortikultura Dataran Tinggi Menonjol,Labu Siam,2025,302.16,7958.75,-7656.59
Nusa Tenggara Barat,1,Produksi Tinggi dengan Hortikultura Dataran Tinggi Menonjol,Melon,2025,830.5649999999999,830.5649999999999,0.0
Nusa Tenggara Barat,1,Produksi Tinggi dengan Hortikultura Dataran Tinggi Menonjol,Paprika,2025,0.0,3.0,-3.0
Nusa Tenggara Barat,1,Produksi Tinggi dengan Hortikultura Dataran Tinggi Menonjol,Petsai Sawi,2025,4884.841,11414.652,-6529.811
Nusa Tenggara Barat,1,Produksi Tinggi dengan Hortikultura Dataran Tinggi Menonjol,Semangka,2025,10024.039,9174.8,849.2390000000014
Nusa Tenggara Barat,1,Produksi Tinggi dengan Hortikultura Dataran Tinggi Menonjol,Stroberi,2025,484.8,26.3,458.5
Nusa Tenggara Barat,1,Produksi Tinggi dengan Hortikultura Dataran Tinggi Menonjol,Terung,2025,6605.405000000001,12491.988,-5886.582999999999
Nusa Tenggara Barat,1,Produksi Tinggi dengan Hortikultura Dataran Tinggi Menonjol,Tomat,2025,26580.899,23964.93,2615.969000000001
Nusa Tenggara Barat,1,Produksi Tinggi dengan Hortikultura Dataran Tinggi Menonjol,Wortel,2025,3820.5,6627.95,-2807.45
Nusa Tenggara Barat,1,Produksi Tinggi dengan Hortikultura Dataran Tinggi Menonjol,Cabai Besar Tw Teropong,2025,10070.466,2973.547,7096.919
Nusa Tenggara Barat,1,Produksi Tinggi dengan Hortikultura Dataran Tinggi Menonjol,Cabai Keriting,2025,4260.787,15893.857,-11633.07
Nusa Tenggara Barat,1,Produksi Tinggi dengan Hortikultura Dataran Tinggi Menonjol,Jamur Tiram,2025,104.339,104.339,0.0
Nusa Tenggara Barat,1,Produksi Tinggi dengan Hortikultura Dataran Tinggi Menonjol,Jamur Merang,2025,0.0,0.0,0.0
Nusa Tenggara Barat,1,Produksi Tinggi dengan Hortikultura Dataran Tinggi Menonjol,Jamur Lainnya,2025,0.0,0.0,0.0
Nusa Tenggara Timur,1,Produksi Tinggi dengan Hortikultura Dataran Tinggi Menonjol,Padi,2025,968324.0,1382697.0,-414373.0
Nusa Tenggara Timur,1,Produksi Tinggi dengan Hortikultura Dataran Tinggi Menonjol,Jagung,2024,293052.3,293052.3,0.0
Nusa Tenggara Timur,1,Produksi Tinggi dengan Hortikultura Dataran Tinggi Menonjol,Alpukat,2025,15818.154,15818.154,0.0
Nusa Tenggara Timur,1,Produksi Tinggi dengan Hortikultura Dataran Tinggi Menonjol,Anggur,2025,8.947,13.408,-4.461
Nusa Tenggara Timur,1,Produksi Tinggi dengan Hortikultura Dataran Tinggi Menonjol,Apel,2025,8.4,0.1,8.3
Nusa Tenggara Timur,1,Produksi Tinggi dengan Hortikultura Dataran Tinggi Menonjol,Belimbing,2025,300.814,534.188,-233.37399999999997
Nusa Tenggara Timur,1,Produksi Tinggi dengan Hortikultura Dataran Tinggi Menonjol,Duku Langsat Kokosan,2025,3.0,4868.984,-4865.984
Nusa Tenggara Timur,1,Produksi Tinggi dengan Hortikultura Dataran Tinggi Menonjol,Durian,2025,5262.403,50551.826,-45289.423
Nusa Tenggara Timur,1,Produksi Tinggi dengan Hortikultura Dataran Tinggi Menonjol,Jambu Air,2025,1780.193,3459.0160000000005,-1678.8230000000005
Nusa Tenggara Timur,1,Produksi Tinggi dengan Hortikultura Dataran Tinggi Menonjol,Jambu Biji,2025,9476.083,5101.7300000000005,4374.353
Nusa Tenggara Timur,1,Produksi Tinggi dengan Hortikultura Dataran Tinggi Menonjol,Jengkol,2025,0.1,4621.794,-4621.6939999999995
Nusa Tenggara Timur,1,Produksi Tinggi dengan Hortikultura Dataran Tinggi Menonjol,Jeruk Besar,2025,404.072,353.255,50.81700000000001
Nusa Tenggara Timur,1,Produksi Tinggi dengan Hortikultura Dataran Tinggi Menonjol,Jeruk Siam Keprok,2025,11997.542,29358.92,-17361.377999999997
Nusa Tenggara Timur,1,Produksi Tinggi dengan Hortikultura Dataran Tinggi Menonjol,Mangga,2025,56322.66,23588.604,32734.056000000004
Nusa Tenggara Timur,1,Produksi Tinggi dengan Hortikultura Dataran Tinggi Menonjol,Manggis,2025,18.525,6179.477,-6160.952
Nusa Tenggara Timur,1,Produksi Tinggi dengan Hortikultura Dataran Tinggi Menonjol,Melinjo,2025,52.45,749.5899999999999,-697.1399999999999
Nusa Tenggara Timur,1,Produksi Tinggi dengan Hortikultura Dataran Tinggi Menonjol,Nangka Cempedak,2025,18611.471,12718.634,5892.837000000001
Nusa Tenggara Timur,1,Produksi Tinggi dengan Hortikultura Dataran Tinggi Menonjol,Nenas,2025,17836.272,17836.272,0.0
Nusa Tenggara Timur,1,Produksi Tinggi dengan Hortikultura Dataran Tinggi Menonjol,Pepaya,2025,75023.949,30850.583,44173.365999999995
Nusa Tenggara Timur,1,Produksi Tinggi dengan Hortikultura Dataran Tinggi Menonjol,Petai,2025,190.106,2337.795,-2147.6890000000003
Nusa Tenggara Timur,1,Produksi Tinggi dengan Hortikultura Dataran Tinggi Menonjol,Pisang,2025,168599.41100000002,134617.75,33981.66100000002
Nusa Tenggara Timur,1,Produksi Tinggi dengan Hortikultura Dataran Tinggi Menonjol,Rambutan,2025,5846.804,10445.254,-4598.450000000001
Nusa Tenggara Timur,1,Produksi Tinggi dengan Hortikultura Dataran Tinggi Menonjol,Salak,2025,1067.783,1338.267,-270.48400000000015
Nusa Tenggara Timur,1,Produksi Tinggi dengan Hortikultura Dataran Tinggi Menonjol,Sawo,2025,685.677,2752.802,-2067.125
Nusa Tenggara Timur,1,Produksi Tinggi dengan Hortikultura Dataran Tinggi Menonjol,Sirsak,2025,2265.67,1601.452,664.2180000000001
Nusa Tenggara Timur,1,Produksi Tinggi dengan Hortikultura Dataran Tinggi Menonjol,Sukun,2025,3268.53,1617.9,1650.63
Nusa Tenggara Timur,1,Produksi Tinggi dengan Hortikultura Dataran Tinggi Menonjol,Buah Naga,2025,6782.014,3801.609,2980.405
Nusa Tenggara Timur,1,Produksi Tinggi dengan Hortikultura Dataran Tinggi Menonjol,Jeruk Lemon,2025,326.385,966.505,-640.12
Nusa Tenggara Timur,1,Produksi Tinggi dengan Hortikultura Dataran Tinggi Menonjol,Lengkeng,2025,68.176,510.205,-442.029
Nusa Tenggara Timur,1,Produksi Tinggi dengan Hortikultura Dataran Tinggi Menonjol,Bawang Daun,2025,438.77,4013.352,-3574.582
Nusa Tenggara Timur,1,Produksi Tinggi dengan Hortikultura Dataran Tinggi Menonjol,Bawang Merah,2025,9562.896,13281.55,-3718.6539999999986
Nusa Tenggara Timur,1,Produksi Tinggi dengan Hortikultura Dataran Tinggi Menonjol,Bawang Putih,2025,418.533,0.2,418.333
Nusa Tenggara Timur,1,Produksi Tinggi dengan Hortikultura Dataran Tinggi Menonjol,Bayam,2025,4856.255,4230.219,626.0360000000001
Nusa Tenggara Timur,1,Produksi Tinggi dengan Hortikultura Dataran Tinggi Menonjol,Buncis,2025,3664.309,4233.31,-569.0010000000002
Nusa Tenggara Timur,1,Produksi Tinggi dengan Hortikultura Dataran Tinggi Menonjol,Cabai Rawit,2025,10943.708,27280.977000000003,-16337.269000000002
Nusa Tenggara Timur,1,Produksi Tinggi dengan Hortikultura Dataran Tinggi Menonjol,Kacang Panjang,2025,5060.3550000000005,7758.957,-2698.602
Nusa Tenggara Timur,1,Produksi Tinggi dengan Hortikultura Dataran Tinggi Menonjol,Kangkung,2025,11275.893,7019.041,4256.852
Nusa Tenggara Timur,1,Produksi Tinggi dengan Hortikultura Dataran Tinggi Menonjol,Kembang Kol,2025,442.004,801.15,-359.14599999999996
Nusa Tenggara Timur,1,Produksi Tinggi dengan Hortikultura Dataran Tinggi Menonjol,Kentang,2025,186.614,2162.4,-1975.786
Nusa Tenggara Timur,1,Produksi Tinggi dengan Hortikultura Dataran Tinggi Menonjol,Ketimun,2025,4850.939,6146.168,-1295.2289999999994
Nusa Tenggara Timur,1,Produksi Tinggi dengan Hortikultura Dataran Tinggi Menonjol,Kubis,2025,1965.353,11576.85,-9611.497
Nusa Tenggara Timur,1,Produksi Tinggi dengan Hortikultura Dataran Tinggi Menonjol,Labu Siam,2025,28699.944,7958.75,20741.194
Nusa Tenggara Timur,1,Produksi Tinggi dengan Hortikultura Dataran Tinggi Menonjol,Melon,2025,412.175,830.5649999999999,-418.38999999999993
Nusa Tenggara Timur,1,Produksi Tinggi dengan Hortikultura Dataran Tinggi Menonjol,Paprika,2025,3.14,3.0,0.14000000000000012
Nusa Tenggara Timur,1,Produksi Tinggi dengan Hortikultura Dataran Tinggi Menonjol,Petsai Sawi,2025,9620.761,11414.652,-1793.8909999999996
Nusa Tenggara Timur,1,Produksi Tinggi dengan Hortikultura Dataran Tinggi Menonjol,Semangka,2025,3191.5950000000003,9174.8,-5983.204999999999
Nusa Tenggara Timur,1,Produksi Tinggi dengan Hortikultura Dataran Tinggi Menonjol,Stroberi,2025,44.14,26.3,17.84
Nusa Tenggara Timur,1,Produksi Tinggi dengan Hortikultura Dataran Tinggi Menonjol,Terung,2025,12491.988,12491.988,0.0
Nusa Tenggara Timur,1,Produksi Tinggi dengan Hortikultura Dataran Tinggi Menonjol,Tomat,2025,9574.41,23964.93,-14390.52
Nusa Tenggara Timur,1,Produksi Tinggi dengan Hortikultura Dataran Tinggi Menonjol,Wortel,2025,915.842,6627.95,-5712.108
Nusa Tenggara Timur,1,Produksi Tinggi dengan Hortikultura Dataran Tinggi Menonjol,Cabai Besar Tw Teropong,2025,1356.642,2973.547,-1616.905
Nusa Tenggara Timur,1,Produksi Tinggi dengan Hortikultura Dataran Tinggi Menonjol,Cabai Keriting,2025,1725.565,15893.857,-14168.292
Nusa Tenggara Timur,1,Produksi Tinggi dengan Hortikultura Dataran Tinggi Menonjol,Jamur Tiram,2025,0.03,104.339,-104.309
Nusa Tenggara Timur,1,Produksi Tinggi dengan Hortikultura Dataran Tinggi Menonjol,Jamur Merang,2025,0.0,0.0,0.0
Nusa Tenggara Timur,1,Produksi Tinggi dengan Hortikultura Dataran Tinggi Menonjol,Jamur Lainnya,2025,0.0,0.0,0.0
Papua,0,Produksi Multi-Komoditas Relatif Rendah,Padi,2025,1859.0,2832.0,-973.0
Papua,0,Produksi Multi-Komoditas Relatif Rendah,Jagung,2024,3913.44,2909.1949999999997,1004.2450000000003
Papua,0,Produksi Multi-Komoditas Relatif Rendah,Alpukat,2025,38.6,59.8615,-21.261499999999998
Papua,0,Produksi Multi-Komoditas Relatif Rendah,Anggur,2025,0.0,0.0,0.0
Papua,0,Produksi Multi-Komoditas Relatif Rendah,Apel,2025,0.0,0.0,0.0
Papua,0,Produksi Multi-Komoditas Relatif Rendah,Belimbing,2025,63.1,47.055,16.045
Papua,0,Produksi Multi-Komoditas Relatif Rendah,Duku Langsat Kokosan,2025,12.0,79.773,-67.773
Papua,0,Produksi Multi-Komoditas Relatif Rendah,Durian,2025,10.0,295.93100000000004,-285.93100000000004
Papua,0,Produksi Multi-Komoditas Relatif Rendah,Jambu Air,2025,47.36,45.528,1.8320000000000007
Papua,0,Produksi Multi-Komoditas Relatif Rendah,Jambu Biji,2025,811.0,113.725,697.275
Papua,0,Produksi Multi-Komoditas Relatif Rendah,Jengkol,2025,0.0,0.054,-0.054
Papua,0,Produksi Multi-Komoditas Relatif Rendah,Jeruk Besar,2025,0.0,7.974499999999999,-7.974499999999999
Papua,0,Produksi Multi-Komoditas Relatif Rendah,Jeruk Siam Keprok,2025,235.7,152.947,82.75299999999999
Papua,0,Produksi Multi-Komoditas Relatif Rendah,Mangga,2025,1044.9,776.0500000000001,268.85
Papua,0,Produksi Multi-Komoditas Relatif Rendah,Manggis,2025,0.0,0.905,-0.905
Papua,0,Produksi Multi-Komoditas Relatif Rendah,Melinjo,2025,0.0,3.1665,-3.1665
Papua,0,Produksi Multi-Komoditas Relatif Rendah,Nangka Cempedak,2025,258.8,201.131,57.66900000000001
Papua,0,Produksi Multi-Komoditas Relatif Rendah,Nenas,2025,15.181,24.266,-9.084999999999999
Papua,0,Produksi Multi-Komoditas Relatif Rendah,Pepaya,2025,428.5,629.3465,-200.8465
Papua,0,Produksi Multi-Komoditas Relatif Rendah,Petai,2025,58.1,14.995000000000001,43.105000000000004
Papua,0,Produksi Multi-Komoditas Relatif Rendah,Pisang,2025,1144.6,2206.464,-1061.864
Papua,0,Produksi Multi-Komoditas Relatif Rendah,Rambutan,2025,178.6,834.183,-655.583
Papua,0,Produksi Multi-Komoditas Relatif Rendah,Salak,2025,76.9,64.215,12.685000000000002
Papua,0,Produksi Multi-Komoditas Relatif Rendah,Sawo,2025,0.0,0.55,-0.55
Papua,0,Produksi Multi-Komoditas Relatif Rendah,Sirsak,2025,197.3,30.4675,166.8325
Papua,0,Produksi Multi-Komoditas Relatif Rendah,Sukun,2025,190.6,113.11500000000001,77.48499999999999
Papua,0,Produksi Multi-Komoditas Relatif Rendah,Buah Naga,2025,0.0,2.975,-2.975
Papua,0,Produksi Multi-Komoditas Relatif Rendah,Jeruk Lemon,2025,4.5,3.5035,0.9965000000000002
Papua,0,Produksi Multi-Komoditas Relatif Rendah,Lengkeng,2025,0.0,0.0,0.0
Papua,0,Produksi Multi-Komoditas Relatif Rendah,Bawang Daun,2025,75.95,48.7125,27.237500000000004
Papua,0,Produksi Multi-Komoditas Relatif Rendah,Bawang Merah,2025,106.6,35.7705,70.8295
Papua,0,Produksi Multi-Komoditas Relatif Rendah,Bawang Putih,2025,0.0,0.0,0.0
Papua,0,Produksi Multi-Komoditas Relatif Rendah,Bayam,2025,1924.98,701.2280000000001,1223.752
Papua,0,Produksi Multi-Komoditas Relatif Rendah,Buncis,2025,9.925,57.0675,-47.1425
Papua,0,Produksi Multi-Komoditas Relatif Rendah,Cabai Rawit,2025,144.2,961.003,-816.8030000000001
Papua,0,Produksi Multi-Komoditas Relatif Rendah,Kacang Panjang,2025,155.95,512.3185,-356.3685
Papua,0,Produksi Multi-Komoditas Relatif Rendah,Kangkung,2025,2945.75,1721.0525,1224.6975
Papua,0,Produksi Multi-Komoditas Relatif Rendah,Kembang Kol,2025,117.0,16.8215,100.1785
Papua,0,Produksi Multi-Komoditas Relatif Rendah,Kentang,2025,0.0,0.0,0.0
Papua,0,Produksi Multi-Komoditas Relatif Rendah,Ketimun,2025,220.965,256.3625,-35.39750000000001
Papua,0,Produksi Multi-Komoditas Relatif Rendah,Kubis,2025,1060.9,19.008499999999998,1041.8915000000002
Papua,0,Produksi Multi-Komoditas Relatif Rendah,Labu Siam,2025,122.6,72.89999999999999,49.7
Papua,0,Produksi Multi-Komoditas Relatif Rendah,Melon,2025,81.5,42.05,39.45
Papua,0,Produksi Multi-Komoditas Relatif Rendah,Paprika,2025,0.0,0.0,0.0
Papua,0,Produksi Multi-Komoditas Relatif Rendah,Petsai Sawi,2025,2113.25,1080.81,1032.44
Papua,0,Produksi Multi-Komoditas Relatif Rendah,Semangka,2025,225.0,225.85,-0.8499999999999943
Papua,0,Produksi Multi-Komoditas Relatif Rendah,Stroberi,2025,0.0,0.0,0.0
Papua,0,Produksi Multi-Komoditas Relatif Rendah,Terung,2025,410.575,734.596,-324.021
Papua,0,Produksi Multi-Komoditas Relatif Rendah,Tomat,2025,610.025,545.655,64.37
Papua,0,Produksi Multi-Komoditas Relatif Rendah,Wortel,2025,0.0,0.0,0.0
Papua,0,Produksi Multi-Komoditas Relatif Rendah,Cabai Besar Tw Teropong,2025,49.135000000000005,48.713,0.42200000000000415
Papua,0,Produksi Multi-Komoditas Relatif Rendah,Cabai Keriting,2025,53.5,43.097,10.402999999999999
Papua,0,Produksi Multi-Komoditas Relatif Rendah,Jamur Tiram,2025,0.0,0.0,0.0
Papua,0,Produksi Multi-Komoditas Relatif Rendah,Jamur Merang,2025,0.0,0.0,0.0
Papua,0,Produksi Multi-Komoditas Relatif Rendah,Jamur Lainnya,2025,0.0,0.0,0.0
Papua Barat,0,Produksi Multi-Komoditas Relatif Rendah,Padi,2025,13366.0,2832.0,10534.0
Papua Barat,0,Produksi Multi-Komoditas Relatif Rendah,Jagung,2024,3720.1,2909.1949999999997,810.9050000000002
Papua Barat,0,Produksi Multi-Komoditas Relatif Rendah,Alpukat,2025,308.315,59.8615,248.4535
Papua Barat,0,Produksi Multi-Komoditas Relatif Rendah,Anggur,2025,0.0,0.0,0.0
Papua Barat,0,Produksi Multi-Komoditas Relatif Rendah,Apel,2025,0.0,0.0,0.0
Papua Barat,0,Produksi Multi-Komoditas Relatif Rendah,Belimbing,2025,61.4,47.055,14.344999999999999
Papua Barat,0,Produksi Multi-Komoditas Relatif Rendah,Duku Langsat Kokosan,2025,972.211,79.773,892.438
Papua Barat,0,Produksi Multi-Komoditas Relatif Rendah,Durian,2025,2347.19,295.93100000000004,2051.259
Papua Barat,0,Produksi Multi-Komoditas Relatif Rendah,Jambu Air,2025,212.19,45.528,166.662
Papua Barat,0,Produksi Multi-Komoditas Relatif Rendah,Jambu Biji,2025,295.598,113.725,181.87300000000002
Papua Barat,0,Produksi Multi-Komoditas Relatif Rendah,Jengkol,2025,0.7,0.054,0.6459999999999999
Papua Barat,0,Produksi Multi-Komoditas Relatif Rendah,Jeruk Besar,2025,60.206,7.974499999999999,52.231500000000004
Papua Barat,0,Produksi Multi-Komoditas Relatif Rendah,Jeruk Siam Keprok,2025,194.525,152.947,41.578
Papua Barat,0,Produksi Multi-Komoditas Relatif Rendah,Mangga,2025,1146.94,776.0500000000001,370.89
Papua Barat,0,Produksi Multi-Komoditas Relatif Rendah,Manggis,2025,0.0,0.905,-0.905
Papua Barat,0,Produksi Multi-Komoditas Relatif Rendah,Melinjo,2025,6.2700000000000005,3.1665,3.1035000000000004
Papua Barat,0,Produksi Multi-Komoditas Relatif Rendah,Nangka Cempedak,2025,228.01,201.131,26.87899999999999
Papua Barat,0,Produksi Multi-Komoditas Relatif Rendah,Nenas,2025,33.351,24.266,9.085
Papua Barat,0,Produksi Multi-Komoditas Relatif Rendah,Pepaya,2025,1271.065,629.3465,641.7185000000001
Papua Barat,0,Produksi Multi-Komoditas Relatif Rendah,Petai,2025,48.48,14.995000000000001,33.485
Papua Barat,0,Produksi Multi-Komoditas Relatif Rendah,Pisang,2025,15653.065,2206.464,13446.601
Papua Barat,0,Produksi Multi-Komoditas Relatif Rendah,Rambutan,2025,1219.348,834.183,385.16499999999996
Papua Barat,0,Produksi Multi-Komoditas Relatif Rendah,Salak,2025,51.53,64.215,-12.685000000000002
Papua Barat,0,Produksi Multi-Komoditas Relatif Rendah,Sawo,2025,7.005,0.55,6.455
Papua Barat,0,Produksi Multi-Komoditas Relatif Rendah,Sirsak,2025,61.35,30.4675,30.8825
Papua Barat,0,Produksi Multi-Komoditas Relatif Rendah,Sukun,2025,114.89,113.11500000000001,1.7749999999999915
Papua Barat,0,Produksi Multi-Komoditas Relatif Rendah,Buah Naga,2025,145.236,2.975,142.261
Papua Barat,0,Produksi Multi-Komoditas Relatif Rendah,Jeruk Lemon,2025,23.922,3.5035,20.4185
Papua Barat,0,Produksi Multi-Komoditas Relatif Rendah,Lengkeng,2025,5.445,0.0,5.445
Papua Barat,0,Produksi Multi-Komoditas Relatif Rendah,Bawang Daun,2025,15.675,48.7125,-33.037499999999994
Papua Barat,0,Produksi Multi-Komoditas Relatif Rendah,Bawang Merah,2025,34.441,35.7705,-1.329499999999996
Papua Barat,0,Produksi Multi-Komoditas Relatif Rendah,Bawang Putih,2025,0.0,0.0,0.0
Papua Barat,0,Produksi Multi-Komoditas Relatif Rendah,Bayam,2025,153.096,701.2280000000001,-548.1320000000001
Papua Barat,0,Produksi Multi-Komoditas Relatif Rendah,Buncis,2025,59.845000000000006,57.0675,2.7775000000000034
Papua Barat,0,Produksi Multi-Komoditas Relatif Rendah,Cabai Rawit,2025,393.25,961.003,-567.753
Papua Barat,0,Produksi Multi-Komoditas Relatif Rendah,Kacang Panjang,2025,286.337,512.3185,-225.98149999999998
Papua Barat,0,Produksi Multi-Komoditas Relatif Rendah,Kangkung,2025,277.04,1721.0525,-1444.0125
Papua Barat,0,Produksi Multi-Komoditas Relatif Rendah,Kembang Kol,2025,0.0,16.8215,-16.8215
Papua Barat,0,Produksi Multi-Komoditas Relatif Rendah,Kentang,2025,0.0,0.0,0.0
Papua Barat,0,Produksi Multi-Komoditas Relatif Rendah,Ketimun,2025,167.37,256.3625,-88.9925
Papua Barat,0,Produksi Multi-Komoditas Relatif Rendah,Kubis,2025,8.497,19.008499999999998,-10.511499999999998
Papua Barat,0,Produksi Multi-Komoditas Relatif Rendah,Labu Siam,2025,16.16,72.89999999999999,-56.739999999999995
Papua Barat,0,Produksi Multi-Komoditas Relatif Rendah,Melon,2025,2.635,42.05,-39.415
Papua Barat,0,Produksi Multi-Komoditas Relatif Rendah,Paprika,2025,0.0,0.0,0.0
Papua Barat,0,Produksi Multi-Komoditas Relatif Rendah,Petsai Sawi,2025,307.325,1080.81,-773.4849999999999
Papua Barat,0,Produksi Multi-Komoditas Relatif Rendah,Semangka,2025,3.092,225.85,-222.75799999999998
Papua Barat,0,Produksi Multi-Komoditas Relatif Rendah,Stroberi,2025,0.0,0.0,0.0
Papua Barat,0,Produksi Multi-Komoditas Relatif Rendah,Terung,2025,123.867,734.596,-610.729
Papua Barat,0,Produksi Multi-Komoditas Relatif Rendah,Tomat,2025,335.171,545.655,-210.48399999999998
Papua Barat,0,Produksi Multi-Komoditas Relatif Rendah,Wortel,2025,0.0,0.0,0.0
Papua Barat,0,Produksi Multi-Komoditas Relatif Rendah,Cabai Besar Tw Teropong,2025,48.291,48.713,-0.42200000000000415
Papua Barat,0,Produksi Multi-Komoditas Relatif Rendah,Cabai Keriting,2025,32.694,43.097,-10.402999999999999
Papua Barat,0,Produksi Multi-Komoditas Relatif Rendah,Jamur Tiram,2025,0.0,0.0,0.0
Papua Barat,0,Produksi Multi-Komoditas Relatif Rendah,Jamur Merang,2025,0.0,0.0,0.0
Papua Barat,0,Produksi Multi-Komoditas Relatif Rendah,Jamur Lainnya,2025,0.0,0.0,0.0
Papua Barat Daya,0,Produksi Multi-Komoditas Relatif Rendah,Padi,2025,830.0,2832.0,-2002.0
Papua Barat Daya,0,Produksi Multi-Komoditas Relatif Rendah,Jagung,2024,1188.57,2909.1949999999997,-1720.6249999999998
Papua Barat Daya,0,Produksi Multi-Komoditas Relatif Rendah,Alpukat,2025,53.66,59.8615,-6.201500000000003
Papua Barat Daya,0,Produksi Multi-Komoditas Relatif Rendah,Anggur,2025,0.0,0.0,0.0
Papua Barat Daya,0,Produksi Multi-Komoditas Relatif Rendah,Apel,2025,0.0,0.0,0.0
Papua Barat Daya,0,Produksi Multi-Komoditas Relatif Rendah,Belimbing,2025,32.71,47.055,-14.344999999999999
Papua Barat Daya,0,Produksi Multi-Komoditas Relatif Rendah,Duku Langsat Kokosan,2025,218.3,79.773,138.52700000000002
Papua Barat Daya,0,Produksi Multi-Komoditas Relatif Rendah,Durian,2025,460.32,295.93100000000004,164.38899999999995
Papua Barat Daya,0,Produksi Multi-Komoditas Relatif Rendah,Jambu Air,2025,88.17999999999999,45.528,42.651999999999994
Papua Barat Daya,0,Produksi Multi-Komoditas Relatif Rendah,Jambu Biji,2025,151.4,113.725,37.67500000000001
Papua Barat Daya,0,Produksi Multi-Komoditas Relatif Rendah,Jengkol,2025,0.0,0.054,-0.054
Papua Barat Daya,0,Produksi Multi-Komoditas Relatif Rendah,Jeruk Besar,2025,2.0,7.974499999999999,-5.974499999999999
Papua Barat Daya,0,Produksi Multi-Komoditas Relatif Rendah,Jeruk Siam Keprok,2025,10.38,152.947,-142.567
Papua Barat Daya,0,Produksi Multi-Komoditas Relatif Rendah,Mangga,2025,507.2,776.0500000000001,-268.8500000000001
Papua Barat Daya,0,Produksi Multi-Komoditas Relatif Rendah,Manggis,2025,2.7,0.905,1.7950000000000002
Papua Barat Daya,0,Produksi Multi-Komoditas Relatif Rendah,Melinjo,2025,18.1,3.1665,14.933500000000002
Papua Barat Daya,0,Produksi Multi-Komoditas Relatif Rendah,Nangka Cempedak,2025,165.41500000000002,201.131,-35.71599999999998
Papua Barat Daya,0,Produksi Multi-Komoditas Relatif Rendah,Nenas,2025,55.228,24.266,30.962000000000003
Papua Barat Daya,0,Produksi Multi-Komoditas Relatif Rendah,Pepaya,2025,745.39,629.3465,116.0435
Papua Barat Daya,0,Produksi Multi-Komoditas Relatif Rendah,Petai,2025,0.0,14.995000000000001,-14.995000000000001
Papua Barat Daya,0,Produksi Multi-Komoditas Relatif Rendah,Pisang,2025,1728.05,2206.464,-478.414
Papua Barat Daya,0,Produksi Multi-Komoditas Relatif Rendah,Rambutan,2025,1204.55,834.183,370.36699999999996
Papua Barat Daya,0,Produksi Multi-Komoditas Relatif Rendah,Salak,2025,173.57999999999998,64.215,109.36499999999998
Papua Barat Daya,0,Produksi Multi-Komoditas Relatif Rendah,Sawo,2025,0.1,0.55,-0.45000000000000007
Papua Barat Daya,0,Produksi Multi-Komoditas Relatif Rendah,Sirsak,2025,6.62,30.4675,-23.8475
Papua Barat Daya,0,Produksi Multi-Komoditas Relatif Rendah,Sukun,2025,413.92,113.11500000000001,300.805
Papua Barat Daya,0,Produksi Multi-Komoditas Relatif Rendah,Buah Naga,2025,68.76,2.975,65.78500000000001
Papua Barat Daya,0,Produksi Multi-Komoditas Relatif Rendah,Jeruk Lemon,2025,9.24,3.5035,5.7365
Papua Barat Daya,0,Produksi Multi-Komoditas Relatif Rendah,Lengkeng,2025,0.0,0.0,0.0
Papua Barat Daya,0,Produksi Multi-Komoditas Relatif Rendah,Bawang Daun,2025,41.9,48.7125,-6.8125
Papua Barat Daya,0,Produksi Multi-Komoditas Relatif Rendah,Bawang Merah,2025,0.6,35.7705,-35.1705
Papua Barat Daya,0,Produksi Multi-Komoditas Relatif Rendah,Bawang Putih,2025,0.0,0.0,0.0
Papua Barat Daya,0,Produksi Multi-Komoditas Relatif Rendah,Bayam,2025,1049.115,701.2280000000001,347.88699999999994
Papua Barat Daya,0,Produksi Multi-Komoditas Relatif Rendah,Buncis,2025,212.985,57.0675,155.91750000000002
Papua Barat Daya,0,Produksi Multi-Komoditas Relatif Rendah,Cabai Rawit,2025,3021.561,961.003,2060.558
Papua Barat Daya,0,Produksi Multi-Komoditas Relatif Rendah,Kacang Panjang,2025,791.261,512.3185,278.9425
Papua Barat Daya,0,Produksi Multi-Komoditas Relatif Rendah,Kangkung,2025,2373.264,1721.0525,652.2115000000001
Papua Barat Daya,0,Produksi Multi-Komoditas Relatif Rendah,Kembang Kol,2025,32.43,16.8215,15.6085
Papua Barat Daya,0,Produksi Multi-Komoditas Relatif Rendah,Kentang,2025,0.0,0.0,0.0
Papua Barat Daya,0,Produksi Multi-Komoditas Relatif Rendah,Ketimun,2025,291.76,256.3625,35.39749999999998
Papua Barat Daya,0,Produksi Multi-Komoditas Relatif Rendah,Kubis,2025,8.0,19.008499999999998,-11.008499999999998
Papua Barat Daya,0,Produksi Multi-Komoditas Relatif Rendah,Labu Siam,2025,23.2,72.89999999999999,-49.69999999999999
Papua Barat Daya,0,Produksi Multi-Komoditas Relatif Rendah,Melon,2025,79.6,42.05,37.55
Papua Barat Daya,0,Produksi Multi-Komoditas Relatif Rendah,Paprika,2025,0.0,0.0,0.0
Papua Barat Daya,0,Produksi Multi-Komoditas Relatif Rendah,Petsai Sawi,2025,1022.7,1080.81,-58.1099999999999
Papua Barat Daya,0,Produksi Multi-Komoditas Relatif Rendah,Semangka,2025,226.7,225.85,0.8499999999999943
Papua Barat Daya,0,Produksi Multi-Komoditas Relatif Rendah,Stroberi,2025,0.0,0.0,0.0
Papua Barat Daya,0,Produksi Multi-Komoditas Relatif Rendah,Terung,2025,1245.474,734.596,510.87799999999993
Papua Barat Daya,0,Produksi Multi-Komoditas Relatif Rendah,Tomat,2025,481.285,545.655,-64.36999999999995
Papua Barat Daya,0,Produksi Multi-Komoditas Relatif Rendah,Wortel,2025,0.0,0.0,0.0
Papua Barat Daya,0,Produksi Multi-Komoditas Relatif Rendah,Cabai Besar Tw Teropong,2025,142.65,48.713,93.93700000000001
Papua Barat Daya,0,Produksi Multi-Komoditas Relatif Rendah,Cabai Keriting,2025,396.72,43.097,353.62300000000005
Papua Barat Daya,0,Produksi Multi-Komoditas Relatif Rendah,Jamur Tiram,2025,0.0,0.0,0.0
Papua Barat Daya,0,Produksi Multi-Komoditas Relatif Rendah,Jamur Merang,2025,0.0,0.0,0.0
Papua Barat Daya,0,Produksi Multi-Komoditas Relatif Rendah,Jamur Lainnya,2025,0.0,0.0,0.0
Papua Pegunungan,0,Produksi Multi-Komoditas Relatif Rendah,Padi,2025,346.0,2832.0,-2486.0
Papua Pegunungan,0,Produksi Multi-Komoditas Relatif Rendah,Jagung,2024,247.07,2909.1949999999997,-2662.1249999999995
Papua Pegunungan,0,Produksi Multi-Komoditas Relatif Rendah,Alpukat,2025,0.92,59.8615,-58.9415
Papua Pegunungan,0,Produksi Multi-Komoditas Relatif Rendah,Anggur,2025,0.0,0.0,0.0
Papua Pegunungan,0,Produksi Multi-Komoditas Relatif Rendah,Apel,2025,0.0,0.0,0.0
Papua Pegunungan,0,Produksi Multi-Komoditas Relatif Rendah,Belimbing,2025,0.0,47.055,-47.055
Papua Pegunungan,0,Produksi Multi-Komoditas Relatif Rendah,Duku Langsat Kokosan,2025,0.0,79.773,-79.773
Papua Pegunungan,0,Produksi Multi-Komoditas Relatif Rendah,Durian,2025,0.0,295.93100000000004,-295.93100000000004
Papua Pegunungan,0,Produksi Multi-Komoditas Relatif Rendah,Jambu Air,2025,0.0,45.528,-45.528
Papua Pegunungan,0,Produksi Multi-Komoditas Relatif Rendah,Jambu Biji,2025,0.0,113.725,-113.725
Papua Pegunungan,0,Produksi Multi-Komoditas Relatif Rendah,Jengkol,2025,0.0,0.054,-0.054
Papua Pegunungan,0,Produksi Multi-Komoditas Relatif Rendah,Jeruk Besar,2025,0.0,7.974499999999999,-7.974499999999999
Papua Pegunungan,0,Produksi Multi-Komoditas Relatif Rendah,Jeruk Siam Keprok,2025,0.0,152.947,-152.947
Papua Pegunungan,0,Produksi Multi-Komoditas Relatif Rendah,Mangga,2025,0.0,776.0500000000001,-776.0500000000001
Papua Pegunungan,0,Produksi Multi-Komoditas Relatif Rendah,Manggis,2025,0.0,0.905,-0.905
Papua Pegunungan,0,Produksi Multi-Komoditas Relatif Rendah,Melinjo,2025,0.0,3.1665,-3.1665
Papua Pegunungan,0,Produksi Multi-Komoditas Relatif Rendah,Nangka Cempedak,2025,0.0,201.131,-201.131
Papua Pegunungan,0,Produksi Multi-Komoditas Relatif Rendah,Nenas,2025,0.0,24.266,-24.266
Papua Pegunungan,0,Produksi Multi-Komoditas Relatif Rendah,Pepaya,2025,11.03,629.3465,-618.3165
Papua Pegunungan,0,Produksi Multi-Komoditas Relatif Rendah,Petai,2025,0.0,14.995000000000001,-14.995000000000001
Papua Pegunungan,0,Produksi Multi-Komoditas Relatif Rendah,Pisang,2025,26.975,2206.464,-2179.489
Papua Pegunungan,0,Produksi Multi-Komoditas Relatif Rendah,Rambutan,2025,0.0,834.183,-834.183
Papua Pegunungan,0,Produksi Multi-Komoditas Relatif Rendah,Salak,2025,0.0,64.215,-64.215
Papua Pegunungan,0,Produksi Multi-Komoditas Relatif Rendah,Sawo,2025,0.0,0.55,-0.55
Papua Pegunungan,0,Produksi Multi-Komoditas Relatif Rendah,Sirsak,2025,0.0,30.4675,-30.4675
Papua Pegunungan,0,Produksi Multi-Komoditas Relatif Rendah,Sukun,2025,0.0,113.11500000000001,-113.11500000000001
Papua Pegunungan,0,Produksi Multi-Komoditas Relatif Rendah,Buah Naga,2025,0.0,2.975,-2.975
Papua Pegunungan,0,Produksi Multi-Komoditas Relatif Rendah,Jeruk Lemon,2025,0.0,3.5035,-3.5035
Papua Pegunungan,0,Produksi Multi-Komoditas Relatif Rendah,Lengkeng,2025,0.0,0.0,0.0
Papua Pegunungan,0,Produksi Multi-Komoditas Relatif Rendah,Bawang Daun,2025,13.07,48.7125,-35.6425
Papua Pegunungan,0,Produksi Multi-Komoditas Relatif Rendah,Bawang Merah,2025,49.65,35.7705,13.8795
Papua Pegunungan,0,Produksi Multi-Komoditas Relatif Rendah,Bawang Putih,2025,5.57,0.0,5.57
Papua Pegunungan,0,Produksi Multi-Komoditas Relatif Rendah,Bayam,2025,40.260000000000005,701.2280000000001,-660.9680000000001
Papua Pegunungan,0,Produksi Multi-Komoditas Relatif Rendah,Buncis,2025,54.29,57.0675,-2.7775000000000034
Papua Pegunungan,0,Produksi Multi-Komoditas Relatif Rendah,Cabai Rawit,2025,25.36,961.003,-935.643
Papua Pegunungan,0,Produksi Multi-Komoditas Relatif Rendah,Kacang Panjang,2025,43.08,512.3185,-469.2385
Papua Pegunungan,0,Produksi Multi-Komoditas Relatif Rendah,Kangkung,2025,3.45,1721.0525,-1717.6025
Papua Pegunungan,0,Produksi Multi-Komoditas Relatif Rendah,Kembang Kol,2025,0.0,16.8215,-16.8215
Papua Pegunungan,0,Produksi Multi-Komoditas Relatif Rendah,Kentang,2025,15.52,0.0,15.52
Papua Pegunungan,0,Produksi Multi-Komoditas Relatif Rendah,Ketimun,2025,40.21,256.3625,-216.1525
Papua Pegunungan,0,Produksi Multi-Komoditas Relatif Rendah,Kubis,2025,29.52,19.008499999999998,10.511500000000002
Papua Pegunungan,0,Produksi Multi-Komoditas Relatif Rendah,Labu Siam,2025,175.185,72.89999999999999,102.28500000000001
Papua Pegunungan,0,Produksi Multi-Komoditas Relatif Rendah,Melon,2025,0.0,42.05,-42.05
Papua Pegunungan,0,Produksi Multi-Komoditas Relatif Rendah,Paprika,2025,0.0,0.0,0.0
Papua Pegunungan,0,Produksi Multi-Komoditas Relatif Rendah,Petsai Sawi,2025,2.5,1080.81,-1078.31
Papua Pegunungan,0,Produksi Multi-Komoditas Relatif Rendah,Semangka,2025,0.0,225.85,-225.85
Papua Pegunungan,0,Produksi Multi-Komoditas Relatif Rendah,Stroberi,2025,0.0,0.0,0.0
Papua Pegunungan,0,Produksi Multi-Komoditas Relatif Rendah,Terung,2025,2.23,734.596,-732.366
Papua Pegunungan,0,Produksi Multi-Komoditas Relatif Rendah,Tomat,2025,22.76,545.655,-522.895
Papua Pegunungan,0,Produksi Multi-Komoditas Relatif Rendah,Wortel,2025,5.92,0.0,5.92
Papua Pegunungan,0,Produksi Multi-Komoditas Relatif Rendah,Cabai Besar Tw Teropong,2025,1.3,48.713,-47.413000000000004
Papua Pegunungan,0,Produksi Multi-Komoditas Relatif Rendah,Cabai Keriting,2025,8.07,43.097,-35.027
Papua Pegunungan,0,Produksi Multi-Komoditas Relatif Rendah,Jamur Tiram,2025,0.0,0.0,0.0
Papua Pegunungan,0,Produksi Multi-Komoditas Relatif Rendah,Jamur Merang,2025,0.0,0.0,0.0
Papua Pegunungan,0,Produksi Multi-Komoditas Relatif Rendah,Jamur Lainnya,2025,0.0,0.0,0.0
Papua Selatan,0,Produksi Multi-Komoditas Relatif Rendah,Padi,2025,362542.0,2832.0,359710.0
Papua Selatan,0,Produksi Multi-Komoditas Relatif Rendah,Jagung,2024,2098.29,2909.1949999999997,-810.9049999999997
Papua Selatan,0,Produksi Multi-Komoditas Relatif Rendah,Alpukat,2025,10.353,59.8615,-49.5085
Papua Selatan,0,Produksi Multi-Komoditas Relatif Rendah,Anggur,2025,0.0,0.0,0.0
Papua Selatan,0,Produksi Multi-Komoditas Relatif Rendah,Apel,2025,0.0,0.0,0.0
Papua Selatan,0,Produksi Multi-Komoditas Relatif Rendah,Belimbing,2025,7.931999999999999,47.055,-39.123000000000005
Papua Selatan,0,Produksi Multi-Komoditas Relatif Rendah,Duku Langsat Kokosan,2025,0.012,79.773,-79.761
Papua Selatan,0,Produksi Multi-Komoditas Relatif Rendah,Durian,2025,45.715,295.93100000000004,-250.21600000000004
Papua Selatan,0,Produksi Multi-Komoditas Relatif Rendah,Jambu Air,2025,10.485,45.528,-35.043
Papua Selatan,0,Produksi Multi-Komoditas Relatif Rendah,Jambu Biji,2025,1.398,113.725,-112.327
Papua Selatan,0,Produksi Multi-Komoditas Relatif Rendah,Jengkol,2025,0.0,0.054,-0.054
Papua Selatan,0,Produksi Multi-Komoditas Relatif Rendah,Jeruk Besar,2025,8.309999999999999,7.974499999999999,0.3354999999999997
Papua Selatan,0,Produksi Multi-Komoditas Relatif Rendah,Jeruk Siam Keprok,2025,0.112,152.947,-152.835
Papua Selatan,0,Produksi Multi-Komoditas Relatif Rendah,Mangga,2025,10.266,776.0500000000001,-765.7840000000001
Papua Selatan,0,Produksi Multi-Komoditas Relatif Rendah,Manggis,2025,0.01,0.905,-0.895
Papua Selatan,0,Produksi Multi-Komoditas Relatif Rendah,Melinjo,2025,0.063,3.1665,-3.1035
Papua Selatan,0,Produksi Multi-Komoditas Relatif Rendah,Nangka Cempedak,2025,24.734,201.131,-176.397
Papua Selatan,0,Produksi Multi-Komoditas Relatif Rendah,Nenas,2025,2.347,24.266,-21.918999999999997
Papua Selatan,0,Produksi Multi-Komoditas Relatif Rendah,Pepaya,2025,12.125,629.3465,-617.2215
Papua Selatan,0,Produksi Multi-Komoditas Relatif Rendah,Petai,2025,0.241,14.995000000000001,-14.754000000000001
Papua Selatan,0,Produksi Multi-Komoditas Relatif Rendah,Pisang,2025,32.019,2206.464,-2174.445
Papua Selatan,0,Produksi Multi-Komoditas Relatif Rendah,Rambutan,2025,238.582,834.183,-595.601
Papua Selatan,0,Produksi Multi-Komoditas Relatif Rendah,Salak,2025,0.24,64.215,-63.975
Papua Selatan,0,Produksi Multi-Komoditas Relatif Rendah,Sawo,2025,0.0,0.55,-0.55
Papua Selatan,0,Produksi Multi-Komoditas Relatif Rendah,Sirsak,2025,1.551,30.4675,-28.916500000000003
Papua Selatan,0,Produksi Multi-Komoditas Relatif Rendah,Sukun,2025,10.45,113.11500000000001,-102.665
Papua Selatan,0,Produksi Multi-Komoditas Relatif Rendah,Buah Naga,2025,0.03,2.975,-2.9450000000000003
Papua Selatan,0,Produksi Multi-Komoditas Relatif Rendah,Jeruk Lemon,2025,2.507,3.5035,-0.9964999999999997
Papua Selatan,0,Produksi Multi-Komoditas Relatif Rendah,Lengkeng,2025,0.0,0.0,0.0
Papua Selatan,0,Produksi Multi-Komoditas Relatif Rendah,Bawang Daun,2025,323.869,48.7125,275.15650000000005
Papua Selatan,0,Produksi Multi-Komoditas Relatif Rendah,Bawang Merah,2025,99.9,35.7705,64.12950000000001
Papua Selatan,0,Produksi Multi-Komoditas Relatif Rendah,Bawang Putih,2025,0.0,0.0,0.0
Papua Selatan,0,Produksi Multi-Komoditas Relatif Rendah,Bayam,2025,353.341,701.2280000000001,-347.88700000000006
Papua Selatan,0,Produksi Multi-Komoditas Relatif Rendah,Buncis,2025,711.504,57.0675,654.4365
Papua Selatan,0,Produksi Multi-Komoditas Relatif Rendah,Cabai Rawit,2025,1528.756,961.003,567.753
Papua Selatan,0,Produksi Multi-Komoditas Relatif Rendah,Kacang Panjang,2025,1410.479,512.3185,898.1605000000001
Papua Selatan,0,Produksi Multi-Komoditas Relatif Rendah,Kangkung,2025,1068.841,1721.0525,-652.2115000000001
Papua Selatan,0,Produksi Multi-Komoditas Relatif Rendah,Kembang Kol,2025,76.651,16.8215,59.829499999999996
Papua Selatan,0,Produksi Multi-Komoditas Relatif Rendah,Kentang,2025,0.0,0.0,0.0
Papua Selatan,0,Produksi Multi-Komoditas Relatif Rendah,Ketimun,2025,865.075,256.3625,608.7125000000001
Papua Selatan,0,Produksi Multi-Komoditas Relatif Rendah,Kubis,2025,1439.855,19.008499999999998,1420.8465
Papua Selatan,0,Produksi Multi-Komoditas Relatif Rendah,Labu Siam,2025,19.26,72.89999999999999,-53.639999999999986
Papua Selatan,0,Produksi Multi-Komoditas Relatif Rendah,Melon,2025,194.0,42.05,151.95
Papua Selatan,0,Produksi Multi-Komoditas Relatif Rendah,Paprika,2025,0.0,0.0,0.0
Papua Selatan,0,Produksi Multi-Komoditas Relatif Rendah,Petsai Sawi,2025,1138.92,1080.81,58.11000000000013
Papua Selatan,0,Produksi Multi-Komoditas Relatif Rendah,Semangka,2025,428.525,225.85,202.67499999999998
Papua Selatan,0,Produksi Multi-Komoditas Relatif Rendah,Stroberi,2025,0.0,0.0,0.0
Papua Selatan,0,Produksi Multi-Komoditas Relatif Rendah,Terung,2025,1058.617,734.596,324.02099999999996
Papua Selatan,0,Produksi Multi-Komoditas Relatif Rendah,Tomat,2025,3064.125,545.655,2518.4700000000003
Papua Selatan,0,Produksi Multi-Komoditas Relatif Rendah,Wortel,2025,0.0,0.0,0.0
Papua Selatan,0,Produksi Multi-Komoditas Relatif Rendah,Cabai Besar Tw Teropong,2025,786.3050000000001,48.713,737.5920000000001
Papua Selatan,0,Produksi Multi-Komoditas Relatif Rendah,Cabai Keriting,2025,0.004,43.097,-43.093
Papua Selatan,0,Produksi Multi-Komoditas Relatif Rendah,Jamur Tiram,2025,0.0,0.0,0.0
Papua Selatan,0,Produksi Multi-Komoditas Relatif Rendah,Jamur Merang,2025,0.0,0.0,0.0
Papua Selatan,0,Produksi Multi-Komoditas Relatif Rendah,Jamur Lainnya,2025,0.0,0.0,0.0
Papua Tengah,0,Produksi Multi-Komoditas Relatif Rendah,Padi,2025,3805.0,2832.0,973.0
Papua Tengah,0,Produksi Multi-Komoditas Relatif Rendah,Jagung,2024,5036.04,2909.1949999999997,2126.8450000000003
Papua Tengah,0,Produksi Multi-Komoditas Relatif Rendah,Alpukat,2025,66.063,59.8615,6.201500000000003
Papua Tengah,0,Produksi Multi-Komoditas Relatif Rendah,Anggur,2025,11.5,0.0,11.5
Papua Tengah,0,Produksi Multi-Komoditas Relatif Rendah,Apel,2025,0.0,0.0,0.0
Papua Tengah,0,Produksi Multi-Komoditas Relatif Rendah,Belimbing,2025,73.067,47.055,26.011999999999993
Papua Tengah,0,Produksi Multi-Komoditas Relatif Rendah,Duku Langsat Kokosan,2025,147.546,79.773,67.773
Papua Tengah,0,Produksi Multi-Komoditas Relatif Rendah,Durian,2025,407.372,295.93100000000004,111.44099999999997
Papua Tengah,0,Produksi Multi-Komoditas Relatif Rendah,Jambu Air,2025,43.696,45.528,-1.8320000000000007
Papua Tengah,0,Produksi Multi-Komoditas Relatif Rendah,Jambu Biji,2025,76.05,113.725,-37.675
Papua Tengah,0,Produksi Multi-Komoditas Relatif Rendah,Jengkol,2025,38.12,0.054,38.065999999999995
Papua Tengah,0,Produksi Multi-Komoditas Relatif Rendah,Jeruk Besar,2025,48.3,7.974499999999999,40.3255
Papua Tengah,0,Produksi Multi-Komoditas Relatif Rendah,Jeruk Siam Keprok,2025,30933.9,152.947,30780.953
Papua Tengah,0,Produksi Multi-Komoditas Relatif Rendah,Mangga,2025,351.2,776.0500000000001,-424.8500000000001
Papua Tengah,0,Produksi Multi-Komoditas Relatif Rendah,Manggis,2025,6.5280000000000005,0.905,5.623
Papua Tengah,0,Produksi Multi-Komoditas Relatif Rendah,Melinjo,2025,50.193,3.1665,47.0265
Papua Tengah,0,Produksi Multi-Komoditas Relatif Rendah,Nangka Cempedak,2025,174.252,201.131,-26.87899999999999
Papua Tengah,0,Produksi Multi-Komoditas Relatif Rendah,Nenas,2025,157.783,24.266,133.517
Papua Tengah,0,Produksi Multi-Komoditas Relatif Rendah,Pepaya,2025,513.303,629.3465,-116.0435
Papua Tengah,0,Produksi Multi-Komoditas Relatif Rendah,Petai,2025,52.368,14.995000000000001,37.373000000000005
Papua Tengah,0,Produksi Multi-Komoditas Relatif Rendah,Pisang,2025,2684.878,2206.464,478.4140000000002
Papua Tengah,0,Produksi Multi-Komoditas Relatif Rendah,Rambutan,2025,463.816,834.183,-370.367
Papua Tengah,0,Produksi Multi-Komoditas Relatif Rendah,Salak,2025,133.39,64.215,69.17499999999998
Papua Tengah,0,Produksi Multi-Komoditas Relatif Rendah,Sawo,2025,81.14099999999999,0.55,80.591
Papua Tengah,0,Produksi Multi-Komoditas Relatif Rendah,Sirsak,2025,46.871,30.4675,16.4035
Papua Tengah,0,Produksi Multi-Komoditas Relatif Rendah,Sukun,2025,111.34,113.11500000000001,-1.7750000000000057
Papua Tengah,0,Produksi Multi-Komoditas Relatif Rendah,Buah Naga,2025,0.0,2.975,-2.975
Papua Tengah,0,Produksi Multi-Komoditas Relatif Rendah,Jeruk Lemon,2025,0.39,3.5035,-3.1134999999999997
Papua Tengah,0,Produksi Multi-Komoditas Relatif Rendah,Lengkeng,2025,0.0,0.0,0.0
Papua Tengah,0,Produksi Multi-Komoditas Relatif Rendah,Bawang Daun,2025,879.3,48.7125,830.5875
Papua Tengah,0,Produksi Multi-Komoditas Relatif Rendah,Bawang Merah,2025,0.2,35.7705,-35.570499999999996
Papua Tengah,0,Produksi Multi-Komoditas Relatif Rendah,Bawang Putih,2025,0.0,0.0,0.0
Papua Tengah,0,Produksi Multi-Komoditas Relatif Rendah,Bayam,2025,1779.155,701.2280000000001,1077.927
Papua Tengah,0,Produksi Multi-Komoditas Relatif Rendah,Buncis,2025,1587.02,57.0675,1529.9524999999999
Papua Tengah,0,Produksi Multi-Komoditas Relatif Rendah,Cabai Rawit,2025,2640.7,961.003,1679.6969999999997
Papua Tengah,0,Produksi Multi-Komoditas Relatif Rendah,Kacang Panjang,2025,1690.9,512.3185,1178.5815000000002
Papua Tengah,0,Produksi Multi-Komoditas Relatif Rendah,Kangkung,2025,3169.3,1721.0525,1448.2475000000002
Papua Tengah,0,Produksi Multi-Komoditas Relatif Rendah,Kembang Kol,2025,1.213,16.8215,-15.6085
Papua Tengah,0,Produksi Multi-Komoditas Relatif Rendah,Kentang,2025,0.0,0.0,0.0
Papua Tengah,0,Produksi Multi-Komoditas Relatif Rendah,Ketimun,2025,1875.8,256.3625,1619.4375
Papua Tengah,0,Produksi Multi-Komoditas Relatif Rendah,Kubis,2025,986.093,19.008499999999998,967.0844999999999
Papua Tengah,0,Produksi Multi-Komoditas Relatif Rendah,Labu Siam,2025,215.1,72.89999999999999,142.2
Papua Tengah,0,Produksi Multi-Komoditas Relatif Rendah,Melon,2025,1816.8,42.05,1774.75
Papua Tengah,0,Produksi Multi-Komoditas Relatif Rendah,Paprika,2025,0.0,0.0,0.0
Papua Tengah,0,Produksi Multi-Komoditas Relatif Rendah,Petsai Sawi,2025,1485.66,1080.81,404.85000000000014
Papua Tengah,0,Produksi Multi-Komoditas Relatif Rendah,Semangka,2025,2880.58,225.85,2654.73
Papua Tengah,0,Produksi Multi-Komoditas Relatif Rendah,Stroberi,2025,0.0,0.0,0.0
Papua Tengah,0,Produksi Multi-Komoditas Relatif Rendah,Terung,2025,1627.1,734.596,892.5039999999999
Papua Tengah,0,Produksi Multi-Komoditas Relatif Rendah,Tomat,2025,1390.55,545.655,844.895
Papua Tengah,0,Produksi Multi-Komoditas Relatif Rendah,Wortel,2025,22.37,0.0,22.37
Papua Tengah,0,Produksi Multi-Komoditas Relatif Rendah,Cabai Besar Tw Teropong,2025,978.3,48.713,929.587
Papua Tengah,0,Produksi Multi-Komoditas Relatif Rendah,Cabai Keriting,2025,66.3,43.097,23.202999999999996
Papua Tengah,0,Produksi Multi-Komoditas Relatif Rendah,Jamur Tiram,2025,0.0,0.0,0.0
Papua Tengah,0,Produksi Multi-Komoditas Relatif Rendah,Jamur Merang,2025,0.0,0.0,0.0
Papua Tengah,0,Produksi Multi-Komoditas Relatif Rendah,Jamur Lainnya,2025,0.0,0.0,0.0
Riau,3,Produksi Menengah dengan Komoditas Buah/Tropis Menonjol,Padi,2025,232071.0,302148.0,-70077.0
Riau,3,Produksi Menengah dengan Komoditas Buah/Tropis Menonjol,Jagung,2024,1139.41,10129.869999999999,-8990.46
Riau,3,Produksi Menengah dengan Komoditas Buah/Tropis Menonjol,Alpukat,2025,1317.432,915.872,401.56000000000006
Riau,3,Produksi Menengah dengan Komoditas Buah/Tropis Menonjol,Anggur,2025,11.033,3.929,7.103999999999999
Riau,3,Produksi Menengah dengan Komoditas Buah/Tropis Menonjol,Apel,2025,0.1,0.0,0.1
Riau,3,Produksi Menengah dengan Komoditas Buah/Tropis Menonjol,Belimbing,2025,2953.056,382.85699999999997,2570.199
Riau,3,Produksi Menengah dengan Komoditas Buah/Tropis Menonjol,Duku Langsat Kokosan,2025,2432.143,5426.088,-2993.9449999999997
Riau,3,Produksi Menengah dengan Komoditas Buah/Tropis Menonjol,Durian,2025,25815.252,11078.991,14736.261
Riau,3,Produksi Menengah dengan Komoditas Buah/Tropis Menonjol,Jambu Air,2025,6649.4130000000005,1044.969,5604.444
Riau,3,Produksi Menengah dengan Komoditas Buah/Tropis Menonjol,Jambu Biji,2025,8571.865,1887.7305000000001,6684.1345
Riau,3,Produksi Menengah dengan Komoditas Buah/Tropis Menonjol,Jengkol,2025,6579.124000000001,558.8225,6020.3015000000005
Riau,3,Produksi Menengah dengan Komoditas Buah/Tropis Menonjol,Jeruk Besar,2025,579.8810000000001,104.0915,475.7895000000001
Riau,3,Produksi Menengah dengan Komoditas Buah/Tropis Menonjol,Jeruk Siam Keprok,2025,23347.699,6858.23,16489.469
Riau,3,Produksi Menengah dengan Komoditas Buah/Tropis Menonjol,Mangga,2025,9553.673,5644.977500000001,3908.6955
Riau,3,Produksi Menengah dengan Komoditas Buah/Tropis Menonjol,Manggis,2025,9594.462,613.4375,8981.0245
Riau,3,Produksi Menengah dengan Komoditas Buah/Tropis Menonjol,Melinjo,2025,967.338,197.5325,769.8054999999999
Riau,3,Produksi Menengah dengan Komoditas Buah/Tropis Menonjol,Nangka Cempedak,2025,8212.805,6747.8255,1464.9795000000004
Riau,3,Produksi Menengah dengan Komoditas Buah/Tropis Menonjol,Nenas,2025,349606.022,4922.494,344683.528
Riau,3,Produksi Menengah dengan Komoditas Buah/Tropis Menonjol,Pepaya,2025,12902.248,13265.7045,-363.45650000000023
Riau,3,Produksi Menengah dengan Komoditas Buah/Tropis Menonjol,Petai,2025,1741.527,1136.0149999999999,605.5120000000002
Riau,3,Produksi Menengah dengan Komoditas Buah/Tropis Menonjol,Pisang,2025,34468.604,63802.330500000004,-29333.726500000004
Riau,3,Produksi Menengah dengan Komoditas Buah/Tropis Menonjol,Rambutan,2025,29359.325,13072.754,16286.571
Riau,3,Produksi Menengah dengan Komoditas Buah/Tropis Menonjol,Salak,2025,1992.791,1462.0205,530.7704999999999
Riau,3,Produksi Menengah dengan Komoditas Buah/Tropis Menonjol,Sawo,2025,1949.068,1063.2655,885.8025
Riau,3,Produksi Menengah dengan Komoditas Buah/Tropis Menonjol,Sirsak,2025,1139.511,821.9984999999999,317.51250000000005
Riau,3,Produksi Menengah dengan Komoditas Buah/Tropis Menonjol,Sukun,2025,1373.584,1753.6075,-380.0235
Riau,3,Produksi Menengah dengan Komoditas Buah/Tropis Menonjol,Buah Naga,2025,696.272,983.7665,-287.4944999999999
Riau,3,Produksi Menengah dengan Komoditas Buah/Tropis Menonjol,Jeruk Lemon,2025,1100.013,177.762,922.251
Riau,3,Produksi Menengah dengan Komoditas Buah/Tropis Menonjol,Lengkeng,2025,4166.4980000000005,207.51850000000002,3958.9795000000004
Riau,3,Produksi Menengah dengan Komoditas Buah/Tropis Menonjol,Bawang Daun,2025,20.04,466.87449999999995,-446.83449999999993
Riau,3,Produksi Menengah dengan Komoditas Buah/Tropis Menonjol,Bawang Merah,2025,40.041,208.027,-167.986
Riau,3,Produksi Menengah dengan Komoditas Buah/Tropis Menonjol,Bawang Putih,2025,0.0,0.0,0.0
Riau,3,Produksi Menengah dengan Komoditas Buah/Tropis Menonjol,Bayam,2025,7414.303999999999,2889.3695,4524.934499999999
Riau,3,Produksi Menengah dengan Komoditas Buah/Tropis Menonjol,Buncis,2025,2.71,356.7145,-354.0045
Riau,3,Produksi Menengah dengan Komoditas Buah/Tropis Menonjol,Cabai Rawit,2025,6682.469,6465.9985,216.47050000000036
Riau,3,Produksi Menengah dengan Komoditas Buah/Tropis Menonjol,Kacang Panjang,2025,8016.360000000001,3108.3365000000003,4908.0235
Riau,3,Produksi Menengah dengan Komoditas Buah/Tropis Menonjol,Kangkung,2025,10763.348,4972.4765,5790.8715
Riau,3,Produksi Menengah dengan Komoditas Buah/Tropis Menonjol,Kembang Kol,2025,0.005,0.0025,0.0025
Riau,3,Produksi Menengah dengan Komoditas Buah/Tropis Menonjol,Kentang,2025,0.0,0.0,0.0
Riau,3,Produksi Menengah dengan Komoditas Buah/Tropis Menonjol,Ketimun,2025,10351.91,3745.6745,6606.2355
Riau,3,Produksi Menengah dengan Komoditas Buah/Tropis Menonjol,Kubis,2025,0.0,0.28900000000000003,-0.28900000000000003
Riau,3,Produksi Menengah dengan Komoditas Buah/Tropis Menonjol,Labu Siam,2025,42.3,118.418,-76.11800000000001
Riau,3,Produksi Menengah dengan Komoditas Buah/Tropis Menonjol,Melon,2025,1733.425,306.0095,1427.4155
Riau,3,Produksi Menengah dengan Komoditas Buah/Tropis Menonjol,Paprika,2025,0.6,0.0,0.6
Riau,3,Produksi Menengah dengan Komoditas Buah/Tropis Menonjol,Petsai Sawi,2025,3401.679,2681.268,720.4110000000001
Riau,3,Produksi Menengah dengan Komoditas Buah/Tropis Menonjol,Semangka,2025,18428.717,2793.1945,15635.522500000001
Riau,3,Produksi Menengah dengan Komoditas Buah/Tropis Menonjol,Stroberi,2025,0.0,0.0,0.0
Riau,3,Produksi Menengah dengan Komoditas Buah/Tropis Menonjol,Terung,2025,5794.33,4316.5445,1477.7855
Riau,3,Produksi Menengah dengan Komoditas Buah/Tropis Menonjol,Tomat,2025,168.265,1944.5935,-1776.3285
Riau,3,Produksi Menengah dengan Komoditas Buah/Tropis Menonjol,Wortel,2025,0.0,0.0,0.0
Riau,3,Produksi Menengah dengan Komoditas Buah/Tropis Menonjol,Cabai Besar Tw Teropong,2025,1208.226,1120.684,87.54200000000014
Riau,3,Produksi Menengah dengan Komoditas Buah/Tropis Menonjol,Cabai Keriting,2025,6787.94,3350.4399999999996,3437.5
Riau,3,Produksi Menengah dengan Komoditas Buah/Tropis Menonjol,Jamur Tiram,2025,445.6350000000001,56.42,389.2150000000001
Riau,3,Produksi Menengah dengan Komoditas Buah/Tropis Menonjol,Jamur Merang,2025,0.0,0.0,0.0
Riau,3,Produksi Menengah dengan Komoditas Buah/Tropis Menonjol,Jamur Lainnya,2025,60.5,0.005,60.495
Sulawesi Barat,3,Produksi Menengah dengan Komoditas Buah/Tropis Menonjol,Padi,2025,386084.0,302148.0,83936.0
Sulawesi Barat,3,Produksi Menengah dengan Komoditas Buah/Tropis Menonjol,Jagung,2024,30295.93,10129.869999999999,20166.06
Sulawesi Barat,3,Produksi Menengah dengan Komoditas Buah/Tropis Menonjol,Alpukat,2025,503.469,915.872,-412.40299999999996
Sulawesi Barat,3,Produksi Menengah dengan Komoditas Buah/Tropis Menonjol,Anggur,2025,0.0,3.929,-3.929
Sulawesi Barat,3,Produksi Menengah dengan Komoditas Buah/Tropis Menonjol,Apel,2025,0.0,0.0,0.0
Sulawesi Barat,3,Produksi Menengah dengan Komoditas Buah/Tropis Menonjol,Belimbing,2025,63.028,382.85699999999997,-319.82899999999995
Sulawesi Barat,3,Produksi Menengah dengan Komoditas Buah/Tropis Menonjol,Duku Langsat Kokosan,2025,11097.06,5426.088,5670.972
Sulawesi Barat,3,Produksi Menengah dengan Komoditas Buah/Tropis Menonjol,Durian,2025,13422.94,11078.991,2343.9490000000005
Sulawesi Barat,3,Produksi Menengah dengan Komoditas Buah/Tropis Menonjol,Jambu Air,2025,242.222,1044.969,-802.7470000000001
Sulawesi Barat,3,Produksi Menengah dengan Komoditas Buah/Tropis Menonjol,Jambu Biji,2025,154.38,1887.7305000000001,-1733.3505
Sulawesi Barat,3,Produksi Menengah dengan Komoditas Buah/Tropis Menonjol,Jengkol,2025,4.2,558.8225,-554.6225
Sulawesi Barat,3,Produksi Menengah dengan Komoditas Buah/Tropis Menonjol,Jeruk Besar,2025,230.773,104.0915,126.6815
Sulawesi Barat,3,Produksi Menengah dengan Komoditas Buah/Tropis Menonjol,Jeruk Siam Keprok,2025,18454.69,6858.23,11596.46
Sulawesi Barat,3,Produksi Menengah dengan Komoditas Buah/Tropis Menonjol,Mangga,2025,43693.73,5644.977500000001,38048.7525
Sulawesi Barat,3,Produksi Menengah dengan Komoditas Buah/Tropis Menonjol,Manggis,2025,351.15,613.4375,-262.2875
Sulawesi Barat,3,Produksi Menengah dengan Komoditas Buah/Tropis Menonjol,Melinjo,2025,0.0,197.5325,-197.5325
Sulawesi Barat,3,Produksi Menengah dengan Komoditas Buah/Tropis Menonjol,Nangka Cempedak,2025,4100.353,6747.8255,-2647.4725
Sulawesi Barat,3,Produksi Menengah dengan Komoditas Buah/Tropis Menonjol,Nenas,2025,5997.571,4922.494,1075.0770000000002
Sulawesi Barat,3,Produksi Menengah dengan Komoditas Buah/Tropis Menonjol,Pepaya,2025,7138.492,13265.7045,-6127.2125
Sulawesi Barat,3,Produksi Menengah dengan Komoditas Buah/Tropis Menonjol,Petai,2025,7.225,1136.0149999999999,-1128.79
Sulawesi Barat,3,Produksi Menengah dengan Komoditas Buah/Tropis Menonjol,Pisang,2025,245380.036,63802.330500000004,181577.70549999998
Sulawesi Barat,3,Produksi Menengah dengan Komoditas Buah/Tropis Menonjol,Rambutan,2025,2446.88,13072.754,-10625.874
Sulawesi Barat,3,Produksi Menengah dengan Komoditas Buah/Tropis Menonjol,Salak,2025,44.246,1462.0205,-1417.7745
Sulawesi Barat,3,Produksi Menengah dengan Komoditas Buah/Tropis Menonjol,Sawo,2025,5.029999999999999,1063.2655,-1058.2355
Sulawesi Barat,3,Produksi Menengah dengan Komoditas Buah/Tropis Menonjol,Sirsak,2025,257.314,821.9984999999999,-564.6844999999998
Sulawesi Barat,3,Produksi Menengah dengan Komoditas Buah/Tropis Menonjol,Sukun,2025,1546.6799999999998,1753.6075,-206.92750000000024
Sulawesi Barat,3,Produksi Menengah dengan Komoditas Buah/Tropis Menonjol,Buah Naga,2025,5047.444,983.7665,4063.6775000000007
Sulawesi Barat,3,Produksi Menengah dengan Komoditas Buah/Tropis Menonjol,Jeruk Lemon,2025,0.0,177.762,-177.762
Sulawesi Barat,3,Produksi Menengah dengan Komoditas Buah/Tropis Menonjol,Lengkeng,2025,18.7,207.51850000000002,-188.81850000000003
Sulawesi Barat,3,Produksi Menengah dengan Komoditas Buah/Tropis Menonjol,Bawang Daun,2025,101.237,466.87449999999995,-365.63749999999993
Sulawesi Barat,3,Produksi Menengah dengan Komoditas Buah/Tropis Menonjol,Bawang Merah,2025,968.722,208.027,760.6949999999999
Sulawesi Barat,3,Produksi Menengah dengan Komoditas Buah/Tropis Menonjol,Bawang Putih,2025,0.0,0.0,0.0
Sulawesi Barat,3,Produksi Menengah dengan Komoditas Buah/Tropis Menonjol,Bayam,2025,1326.455,2889.3695,-1562.9144999999999
Sulawesi Barat,3,Produksi Menengah dengan Komoditas Buah/Tropis Menonjol,Buncis,2025,4.7,356.7145,-352.0145
Sulawesi Barat,3,Produksi Menengah dengan Komoditas Buah/Tropis Menonjol,Cabai Rawit,2025,2814.922,6465.9985,-3651.0764999999997
Sulawesi Barat,3,Produksi Menengah dengan Komoditas Buah/Tropis Menonjol,Kacang Panjang,2025,1624.498,3108.3365000000003,-1483.8385000000003
Sulawesi Barat,3,Produksi Menengah dengan Komoditas Buah/Tropis Menonjol,Kangkung,2025,1301.214,4972.4765,-3671.2625
Sulawesi Barat,3,Produksi Menengah dengan Komoditas Buah/Tropis Menonjol,Kembang Kol,2025,0.0,0.0025,-0.0025
Sulawesi Barat,3,Produksi Menengah dengan Komoditas Buah/Tropis Menonjol,Kentang,2025,10.0,0.0,10.0
Sulawesi Barat,3,Produksi Menengah dengan Komoditas Buah/Tropis Menonjol,Ketimun,2025,1323.499,3745.6745,-2422.1755000000003
Sulawesi Barat,3,Produksi Menengah dengan Komoditas Buah/Tropis Menonjol,Kubis,2025,5.5,0.28900000000000003,5.211
Sulawesi Barat,3,Produksi Menengah dengan Komoditas Buah/Tropis Menonjol,Labu Siam,2025,150.409,118.418,31.990999999999985
Sulawesi Barat,3,Produksi Menengah dengan Komoditas Buah/Tropis Menonjol,Melon,2025,4.92,306.0095,-301.0895
Sulawesi Barat,3,Produksi Menengah dengan Komoditas Buah/Tropis Menonjol,Paprika,2025,0.0,0.0,0.0
Sulawesi Barat,3,Produksi Menengah dengan Komoditas Buah/Tropis Menonjol,Petsai Sawi,2025,559.487,2681.268,-2121.781
Sulawesi Barat,3,Produksi Menengah dengan Komoditas Buah/Tropis Menonjol,Semangka,2025,237.63,2793.1945,-2555.5645
Sulawesi Barat,3,Produksi Menengah dengan Komoditas Buah/Tropis Menonjol,Stroberi,2025,0.8,0.0,0.8
Sulawesi Barat,3,Produksi Menengah dengan Komoditas Buah/Tropis Menonjol,Terung,2025,1539.934,4316.5445,-2776.6105
Sulawesi Barat,3,Produksi Menengah dengan Komoditas Buah/Tropis Menonjol,Tomat,2025,1863.767,1944.5935,-80.8264999999999
Sulawesi Barat,3,Produksi Menengah dengan Komoditas Buah/Tropis Menonjol,Wortel,2025,13.9,0.0,13.9
Sulawesi Barat,3,Produksi Menengah dengan Komoditas Buah/Tropis Menonjol,Cabai Besar Tw Teropong,2025,2022.1330000000005,1120.684,901.4490000000005
Sulawesi Barat,3,Produksi Menengah dengan Komoditas Buah/Tropis Menonjol,Cabai Keriting,2025,713.592,3350.4399999999996,-2636.8479999999995
Sulawesi Barat,3,Produksi Menengah dengan Komoditas Buah/Tropis Menonjol,Jamur Tiram,2025,0.0,56.42,-56.42
Sulawesi Barat,3,Produksi Menengah dengan Komoditas Buah/Tropis Menonjol,Jamur Merang,2025,0.0,0.0,0.0
Sulawesi Barat,3,Produksi Menengah dengan Komoditas Buah/Tropis Menonjol,Jamur Lainnya,2025,0.153,0.005,0.148
Sulawesi Selatan,1,Produksi Tinggi dengan Hortikultura Dataran Tinggi Menonjol,Padi,2025,5466592.0,1382697.0,4083895.0
Sulawesi Selatan,1,Produksi Tinggi dengan Hortikultura Dataran Tinggi Menonjol,Jagung,2024,1131504.0,293052.3,838451.7
Sulawesi Selatan,1,Produksi Tinggi dengan Hortikultura Dataran Tinggi Menonjol,Alpukat,2025,8241.318,15818.154,-7576.836000000001
Sulawesi Selatan,1,Produksi Tinggi dengan Hortikultura Dataran Tinggi Menonjol,Anggur,2025,70.64099999999999,13.408,57.23299999999999
Sulawesi Selatan,1,Produksi Tinggi dengan Hortikultura Dataran Tinggi Menonjol,Apel,2025,0.0,0.1,-0.1
Sulawesi Selatan,1,Produksi Tinggi dengan Hortikultura Dataran Tinggi Menonjol,Belimbing,2025,496.381,534.188,-37.807000000000016
Sulawesi Selatan,1,Produksi Tinggi dengan Hortikultura Dataran Tinggi Menonjol,Duku Langsat Kokosan,2025,16466.670000000002,4868.984,11597.686000000002
Sulawesi Selatan,1,Produksi Tinggi dengan Hortikultura Dataran Tinggi Menonjol,Durian,2025,77225.374,50551.826,26673.547999999995
Sulawesi Selatan,1,Produksi Tinggi dengan Hortikultura Dataran Tinggi Menonjol,Jambu Air,2025,2711.9990000000003,3459.0160000000005,-747.0170000000003
Sulawesi Selatan,1,Produksi Tinggi dengan Hortikultura Dataran Tinggi Menonjol,Jambu Biji,2025,15370.574,5101.7300000000005,10268.844000000001
Sulawesi Selatan,1,Produksi Tinggi dengan Hortikultura Dataran Tinggi Menonjol,Jengkol,2025,3022.017,4621.794,-1599.777
Sulawesi Selatan,1,Produksi Tinggi dengan Hortikultura Dataran Tinggi Menonjol,Jeruk Besar,2025,25169.346,353.255,24816.091
Sulawesi Selatan,1,Produksi Tinggi dengan Hortikultura Dataran Tinggi Menonjol,Jeruk Siam Keprok,2025,18586.071,29358.92,-10772.848999999998
Sulawesi Selatan,1,Produksi Tinggi dengan Hortikultura Dataran Tinggi Menonjol,Mangga,2025,116333.977,23588.604,92745.37299999999
Sulawesi Selatan,1,Produksi Tinggi dengan Hortikultura Dataran Tinggi Menonjol,Manggis,2025,1873.424,6179.477,-4306.053
Sulawesi Selatan,1,Produksi Tinggi dengan Hortikultura Dataran Tinggi Menonjol,Melinjo,2025,107.125,749.5899999999999,-642.4649999999999
Sulawesi Selatan,1,Produksi Tinggi dengan Hortikultura Dataran Tinggi Menonjol,Nangka Cempedak,2025,21308.037,12718.634,8589.403
Sulawesi Selatan,1,Produksi Tinggi dengan Hortikultura Dataran Tinggi Menonjol,Nenas,2025,43510.572,17836.272,25674.3
Sulawesi Selatan,1,Produksi Tinggi dengan Hortikultura Dataran Tinggi Menonjol,Pepaya,2025,30850.583,30850.583,0.0
Sulawesi Selatan,1,Produksi Tinggi dengan Hortikultura Dataran Tinggi Menonjol,Petai,2025,2389.463,2337.795,51.66800000000012
Sulawesi Selatan,1,Produksi Tinggi dengan Hortikultura Dataran Tinggi Menonjol,Pisang,2025,182585.871,134617.75,47968.121000000014
Sulawesi Selatan,1,Produksi Tinggi dengan Hortikultura Dataran Tinggi Menonjol,Rambutan,2025,40449.155,10445.254,30003.900999999998
Sulawesi Selatan,1,Produksi Tinggi dengan Hortikultura Dataran Tinggi Menonjol,Salak,2025,13168.475,1338.267,11830.208
Sulawesi Selatan,1,Produksi Tinggi dengan Hortikultura Dataran Tinggi Menonjol,Sawo,2025,543.75,2752.802,-2209.052
Sulawesi Selatan,1,Produksi Tinggi dengan Hortikultura Dataran Tinggi Menonjol,Sirsak,2025,1455.668,1601.452,-145.7840000000001
Sulawesi Selatan,1,Produksi Tinggi dengan Hortikultura Dataran Tinggi Menonjol,Sukun,2025,11930.162,1617.9,10312.262
Sulawesi Selatan,1,Produksi Tinggi dengan Hortikultura Dataran Tinggi Menonjol,Buah Naga,2025,4777.218,3801.609,975.6089999999999
Sulawesi Selatan,1,Produksi Tinggi dengan Hortikultura Dataran Tinggi Menonjol,Jeruk Lemon,2025,284.956,966.505,-681.549
Sulawesi Selatan,1,Produksi Tinggi dengan Hortikultura Dataran Tinggi Menonjol,Lengkeng,2025,470.579,510.205,-39.625999999999976
Sulawesi Selatan,1,Produksi Tinggi dengan Hortikultura Dataran Tinggi Menonjol,Bawang Daun,2025,35263.858,4013.352,31250.506
Sulawesi Selatan,1,Produksi Tinggi dengan Hortikultura Dataran Tinggi Menonjol,Bawang Merah,2025,322741.559,13281.55,309460.009
Sulawesi Selatan,1,Produksi Tinggi dengan Hortikultura Dataran Tinggi Menonjol,Bawang Putih,2025,0.0,0.2,-0.2
Sulawesi Selatan,1,Produksi Tinggi dengan Hortikultura Dataran Tinggi Menonjol,Bayam,2025,4230.219,4230.219,0.0
Sulawesi Selatan,1,Produksi Tinggi dengan Hortikultura Dataran Tinggi Menonjol,Buncis,2025,6470.737,4233.31,2237.4269999999997
Sulawesi Selatan,1,Produksi Tinggi dengan Hortikultura Dataran Tinggi Menonjol,Cabai Rawit,2025,44240.869,27280.977000000003,16959.891999999996
Sulawesi Selatan,1,Produksi Tinggi dengan Hortikultura Dataran Tinggi Menonjol,Kacang Panjang,2025,7758.957,7758.957,0.0
Sulawesi Selatan,1,Produksi Tinggi dengan Hortikultura Dataran Tinggi Menonjol,Kangkung,2025,11604.712,7019.041,4585.670999999999
Sulawesi Selatan,1,Produksi Tinggi dengan Hortikultura Dataran Tinggi Menonjol,Kembang Kol,2025,2965.66,801.15,2164.5099999999998
Sulawesi Selatan,1,Produksi Tinggi dengan Hortikultura Dataran Tinggi Menonjol,Kentang,2025,66903.05500000001,2162.4,64740.655000000006
Sulawesi Selatan,1,Produksi Tinggi dengan Hortikultura Dataran Tinggi Menonjol,Ketimun,2025,5815.951999999999,6146.168,-330.21600000000035
Sulawesi Selatan,1,Produksi Tinggi dengan Hortikultura Dataran Tinggi Menonjol,Kubis,2025,56072.647,11576.85,44495.797
Sulawesi Selatan,1,Produksi Tinggi dengan Hortikultura Dataran Tinggi Menonjol,Labu Siam,2025,13571.583,7958.75,5612.8330000000005
Sulawesi Selatan,1,Produksi Tinggi dengan Hortikultura Dataran Tinggi Menonjol,Melon,2025,1467.852,830.5649999999999,637.2870000000001
Sulawesi Selatan,1,Produksi Tinggi dengan Hortikultura Dataran Tinggi Menonjol,Paprika,2025,3.7,3.0,0.7000000000000002
Sulawesi Selatan,1,Produksi Tinggi dengan Hortikultura Dataran Tinggi Menonjol,Petsai Sawi,2025,19161.281,11414.652,7746.628999999999
Sulawesi Selatan,1,Produksi Tinggi dengan Hortikultura Dataran Tinggi Menonjol,Semangka,2025,13023.515,9174.8,3848.715
Sulawesi Selatan,1,Produksi Tinggi dengan Hortikultura Dataran Tinggi Menonjol,Stroberi,2025,75.166,26.3,48.866
Sulawesi Selatan,1,Produksi Tinggi dengan Hortikultura Dataran Tinggi Menonjol,Terung,2025,10321.483,12491.988,-2170.504999999999
Sulawesi Selatan,1,Produksi Tinggi dengan Hortikultura Dataran Tinggi Menonjol,Tomat,2025,72215.209,23964.93,48250.279
Sulawesi Selatan,1,Produksi Tinggi dengan Hortikultura Dataran Tinggi Menonjol,Wortel,2025,32765.438,6627.95,26137.487999999998
Sulawesi Selatan,1,Produksi Tinggi dengan Hortikultura Dataran Tinggi Menonjol,Cabai Besar Tw Teropong,2025,15880.137,2973.547,12906.59
Sulawesi Selatan,1,Produksi Tinggi dengan Hortikultura Dataran Tinggi Menonjol,Cabai Keriting,2025,9462.59,15893.857,-6431.267
Sulawesi Selatan,1,Produksi Tinggi dengan Hortikultura Dataran Tinggi Menonjol,Jamur Tiram,2025,377.656,104.339,273.317
Sulawesi Selatan,1,Produksi Tinggi dengan Hortikultura Dataran Tinggi Menonjol,Jamur Merang,2025,0.0,0.0,0.0
Sulawesi Selatan,1,Produksi Tinggi dengan Hortikultura Dataran Tinggi Menonjol,Jamur Lainnya,2025,0.0,0.0,0.0
Sulawesi Tengah,1,Produksi Tinggi dengan Hortikultura Dataran Tinggi Menonjol,Padi,2025,920086.0,1382697.0,-462611.0
Sulawesi Tengah,1,Produksi Tinggi dengan Hortikultura Dataran Tinggi Menonjol,Jagung,2024,84798.45,293052.3,-208253.84999999998
Sulawesi Tengah,1,Produksi Tinggi dengan Hortikultura Dataran Tinggi Menonjol,Alpukat,2025,7689.847,15818.154,-8128.307000000001
Sulawesi Tengah,1,Produksi Tinggi dengan Hortikultura Dataran Tinggi Menonjol,Anggur,2025,106.53,13.408,93.122
Sulawesi Tengah,1,Produksi Tinggi dengan Hortikultura Dataran Tinggi Menonjol,Apel,2025,1.0,0.1,0.9
Sulawesi Tengah,1,Produksi Tinggi dengan Hortikultura Dataran Tinggi Menonjol,Belimbing,2025,157.292,534.188,-376.89599999999996
Sulawesi Tengah,1,Produksi Tinggi dengan Hortikultura Dataran Tinggi Menonjol,Duku Langsat Kokosan,2025,4868.984,4868.984,0.0
Sulawesi Tengah,1,Produksi Tinggi dengan Hortikultura Dataran Tinggi Menonjol,Durian,2025,97922.205,50551.826,47370.379
Sulawesi Tengah,1,Produksi Tinggi dengan Hortikultura Dataran Tinggi Menonjol,Jambu Air,2025,1456.507,3459.0160000000005,-2002.5090000000005
Sulawesi Tengah,1,Produksi Tinggi dengan Hortikultura Dataran Tinggi Menonjol,Jambu Biji,2025,776.329,5101.7300000000005,-4325.401000000001
Sulawesi Tengah,1,Produksi Tinggi dengan Hortikultura Dataran Tinggi Menonjol,Jengkol,2025,939.73,4621.794,-3682.064
Sulawesi Tengah,1,Produksi Tinggi dengan Hortikultura Dataran Tinggi Menonjol,Jeruk Besar,2025,183.885,353.255,-169.37
Sulawesi Tengah,1,Produksi Tinggi dengan Hortikultura Dataran Tinggi Menonjol,Jeruk Siam Keprok,2025,5215.317,29358.92,-24143.603
Sulawesi Tengah,1,Produksi Tinggi dengan Hortikultura Dataran Tinggi Menonjol,Mangga,2025,11940.313,23588.604,-11648.291
Sulawesi Tengah,1,Produksi Tinggi dengan Hortikultura Dataran Tinggi Menonjol,Manggis,2025,2639.675,6179.477,-3539.8019999999997
Sulawesi Tengah,1,Produksi Tinggi dengan Hortikultura Dataran Tinggi Menonjol,Melinjo,2025,23.495,749.5899999999999,-726.0949999999999
Sulawesi Tengah,1,Produksi Tinggi dengan Hortikultura Dataran Tinggi Menonjol,Nangka Cempedak,2025,4064.973,12718.634,-8653.661
Sulawesi Tengah,1,Produksi Tinggi dengan Hortikultura Dataran Tinggi Menonjol,Nenas,2025,2005.838,17836.272,-15830.434000000001
Sulawesi Tengah,1,Produksi Tinggi dengan Hortikultura Dataran Tinggi Menonjol,Pepaya,2025,6215.835,30850.583,-24634.748
Sulawesi Tengah,1,Produksi Tinggi dengan Hortikultura Dataran Tinggi Menonjol,Petai,2025,525.278,2337.795,-1812.517
Sulawesi Tengah,1,Produksi Tinggi dengan Hortikultura Dataran Tinggi Menonjol,Pisang,2025,19061.544,134617.75,-115556.206
Sulawesi Tengah,1,Produksi Tinggi dengan Hortikultura Dataran Tinggi Menonjol,Rambutan,2025,4891.780000000001,10445.254,-5553.474
Sulawesi Tengah,1,Produksi Tinggi dengan Hortikultura Dataran Tinggi Menonjol,Salak,2025,1880.065,1338.267,541.798
Sulawesi Tengah,1,Produksi Tinggi dengan Hortikultura Dataran Tinggi Menonjol,Sawo,2025,167.363,2752.802,-2585.4390000000003
Sulawesi Tengah,1,Produksi Tinggi dengan Hortikultura Dataran Tinggi Menonjol,Sirsak,2025,528.842,1601.452,-1072.6100000000001
Sulawesi Tengah,1,Produksi Tinggi dengan Hortikultura Dataran Tinggi Menonjol,Sukun,2025,594.975,1617.9,-1022.9250000000001
Sulawesi Tengah,1,Produksi Tinggi dengan Hortikultura Dataran Tinggi Menonjol,Buah Naga,2025,8335.551,3801.609,4533.941999999999
Sulawesi Tengah,1,Produksi Tinggi dengan Hortikultura Dataran Tinggi Menonjol,Jeruk Lemon,2025,1535.491,966.505,568.986
Sulawesi Tengah,1,Produksi Tinggi dengan Hortikultura Dataran Tinggi Menonjol,Lengkeng,2025,72.36,510.205,-437.84499999999997
Sulawesi Tengah,1,Produksi Tinggi dengan Hortikultura Dataran Tinggi Menonjol,Bawang Daun,2025,3123.048,4013.352,-890.3040000000001
Sulawesi Tengah,1,Produksi Tinggi dengan Hortikultura Dataran Tinggi Menonjol,Bawang Merah,2025,2036.293,13281.55,-11245.257
Sulawesi Tengah,1,Produksi Tinggi dengan Hortikultura Dataran Tinggi Menonjol,Bawang Putih,2025,0.2,0.2,0.0
Sulawesi Tengah,1,Produksi Tinggi dengan Hortikultura Dataran Tinggi Menonjol,Bayam,2025,1016.041,4230.219,-3214.178
Sulawesi Tengah,1,Produksi Tinggi dengan Hortikultura Dataran Tinggi Menonjol,Buncis,2025,791.6800000000001,4233.31,-3441.63
Sulawesi Tengah,1,Produksi Tinggi dengan Hortikultura Dataran Tinggi Menonjol,Cabai Rawit,2025,16623.164,27280.977000000003,-10657.813000000002
Sulawesi Tengah,1,Produksi Tinggi dengan Hortikultura Dataran Tinggi Menonjol,Kacang Panjang,2025,2680.336,7758.957,-5078.621000000001
Sulawesi Tengah,1,Produksi Tinggi dengan Hortikultura Dataran Tinggi Menonjol,Kangkung,2025,2629.262,7019.041,-4389.779
Sulawesi Tengah,1,Produksi Tinggi dengan Hortikultura Dataran Tinggi Menonjol,Kembang Kol,2025,594.616,801.15,-206.534
Sulawesi Tengah,1,Produksi Tinggi dengan Hortikultura Dataran Tinggi Menonjol,Kentang,2025,186.94,2162.4,-1975.46
Sulawesi Tengah,1,Produksi Tinggi dengan Hortikultura Dataran Tinggi Menonjol,Ketimun,2025,3557.986,6146.168,-2588.182
Sulawesi Tengah,1,Produksi Tinggi dengan Hortikultura Dataran Tinggi Menonjol,Kubis,2025,4263.092,11576.85,-7313.758000000001
Sulawesi Tengah,1,Produksi Tinggi dengan Hortikultura Dataran Tinggi Menonjol,Labu Siam,2025,3525.157,7958.75,-4433.593
Sulawesi Tengah,1,Produksi Tinggi dengan Hortikultura Dataran Tinggi Menonjol,Melon,2025,958.86,830.5649999999999,128.29500000000007
Sulawesi Tengah,1,Produksi Tinggi dengan Hortikultura Dataran Tinggi Menonjol,Paprika,2025,1.6800000000000002,3.0,-1.3199999999999998
Sulawesi Tengah,1,Produksi Tinggi dengan Hortikultura Dataran Tinggi Menonjol,Petsai Sawi,2025,3967.088,11414.652,-7447.564
Sulawesi Tengah,1,Produksi Tinggi dengan Hortikultura Dataran Tinggi Menonjol,Semangka,2025,4802.695,9174.8,-4372.105
Sulawesi Tengah,1,Produksi Tinggi dengan Hortikultura Dataran Tinggi Menonjol,Stroberi,2025,5.15,26.3,-21.15
Sulawesi Tengah,1,Produksi Tinggi dengan Hortikultura Dataran Tinggi Menonjol,Terung,2025,5720.831,12491.988,-6771.156999999999
Sulawesi Tengah,1,Produksi Tinggi dengan Hortikultura Dataran Tinggi Menonjol,Tomat,2025,11889.387,23964.93,-12075.543
Sulawesi Tengah,1,Produksi Tinggi dengan Hortikultura Dataran Tinggi Menonjol,Wortel,2025,654.17,6627.95,-5973.78
Sulawesi Tengah,1,Produksi Tinggi dengan Hortikultura Dataran Tinggi Menonjol,Cabai Besar Tw Teropong,2025,1323.584,2973.547,-1649.963
Sulawesi Tengah,1,Produksi Tinggi dengan Hortikultura Dataran Tinggi Menonjol,Cabai Keriting,2025,4038.63,15893.857,-11855.226999999999
Sulawesi Tengah,1,Produksi Tinggi dengan Hortikultura Dataran Tinggi Menonjol,Jamur Tiram,2025,0.065,104.339,-104.274
Sulawesi Tengah,1,Produksi Tinggi dengan Hortikultura Dataran Tinggi Menonjol,Jamur Merang,2025,0.0,0.0,0.0
Sulawesi Tengah,1,Produksi Tinggi dengan Hortikultura Dataran Tinggi Menonjol,Jamur Lainnya,2025,0.0,0.0,0.0
Sulawesi Tenggara,3,Produksi Menengah dengan Komoditas Buah/Tropis Menonjol,Padi,2025,680820.0,302148.0,378672.0
Sulawesi Tenggara,3,Produksi Menengah dengan Komoditas Buah/Tropis Menonjol,Jagung,2024,79444.29,10129.869999999999,69314.42
Sulawesi Tenggara,3,Produksi Menengah dengan Komoditas Buah/Tropis Menonjol,Alpukat,2025,1127.2379999999998,915.872,211.36599999999987
Sulawesi Tenggara,3,Produksi Menengah dengan Komoditas Buah/Tropis Menonjol,Anggur,2025,3.005,3.929,-0.9239999999999999
Sulawesi Tenggara,3,Produksi Menengah dengan Komoditas Buah/Tropis Menonjol,Apel,2025,0.0,0.0,0.0
Sulawesi Tenggara,3,Produksi Menengah dengan Komoditas Buah/Tropis Menonjol,Belimbing,2025,335.246,382.85699999999997,-47.61099999999999
Sulawesi Tenggara,3,Produksi Menengah dengan Komoditas Buah/Tropis Menonjol,Duku Langsat Kokosan,2025,4362.604,5426.088,-1063.4839999999995
Sulawesi Tenggara,3,Produksi Menengah dengan Komoditas Buah/Tropis Menonjol,Durian,2025,34034.667,11078.991,22955.676
Sulawesi Tenggara,3,Produksi Menengah dengan Komoditas Buah/Tropis Menonjol,Jambu Air,2025,2051.1130000000003,1044.969,1006.1440000000002
Sulawesi Tenggara,3,Produksi Menengah dengan Komoditas Buah/Tropis Menonjol,Jambu Biji,2025,1797.336,1887.7305000000001,-90.39450000000011
Sulawesi Tenggara,3,Produksi Menengah dengan Komoditas Buah/Tropis Menonjol,Jengkol,2025,433.575,558.8225,-125.2475
Sulawesi Tenggara,3,Produksi Menengah dengan Komoditas Buah/Tropis Menonjol,Jeruk Besar,2025,3418.7339999999995,104.0915,3314.6424999999995
Sulawesi Tenggara,3,Produksi Menengah dengan Komoditas Buah/Tropis Menonjol,Jeruk Siam Keprok,2025,12162.994,6858.23,5304.764000000001
Sulawesi Tenggara,3,Produksi Menengah dengan Komoditas Buah/Tropis Menonjol,Mangga,2025,19892.812,5644.977500000001,14247.8345
Sulawesi Tenggara,3,Produksi Menengah dengan Komoditas Buah/Tropis Menonjol,Manggis,2025,2475.115,613.4375,1861.6774999999998
Sulawesi Tenggara,3,Produksi Menengah dengan Komoditas Buah/Tropis Menonjol,Melinjo,2025,123.94,197.5325,-73.5925
Sulawesi Tenggara,3,Produksi Menengah dengan Komoditas Buah/Tropis Menonjol,Nangka Cempedak,2025,5282.846,6747.8255,-1464.9795000000004
Sulawesi Tenggara,3,Produksi Menengah dengan Komoditas Buah/Tropis Menonjol,Nenas,2025,39680.807,4922.494,34758.313
Sulawesi Tenggara,3,Produksi Menengah dengan Komoditas Buah/Tropis Menonjol,Pepaya,2025,13629.160999999998,13265.7045,363.4564999999984
Sulawesi Tenggara,3,Produksi Menengah dengan Komoditas Buah/Tropis Menonjol,Petai,2025,598.54,1136.0149999999999,-537.4749999999999
Sulawesi Tenggara,3,Produksi Menengah dengan Komoditas Buah/Tropis Menonjol,Pisang,2025,52250.903000000006,63802.330500000004,-11551.427499999998
Sulawesi Tenggara,3,Produksi Menengah dengan Komoditas Buah/Tropis Menonjol,Rambutan,2025,16088.285,13072.754,3015.530999999999
Sulawesi Tenggara,3,Produksi Menengah dengan Komoditas Buah/Tropis Menonjol,Salak,2025,2704.95,1462.0205,1242.9294999999997
Sulawesi Tenggara,3,Produksi Menengah dengan Komoditas Buah/Tropis Menonjol,Sawo,2025,664.216,1063.2655,-399.04949999999997
Sulawesi Tenggara,3,Produksi Menengah dengan Komoditas Buah/Tropis Menonjol,Sirsak,2025,1510.642,821.9984999999999,688.6435000000001
Sulawesi Tenggara,3,Produksi Menengah dengan Komoditas Buah/Tropis Menonjol,Sukun,2025,3988.833,1753.6075,2235.2255
Sulawesi Tenggara,3,Produksi Menengah dengan Komoditas Buah/Tropis Menonjol,Buah Naga,2025,3431.665,983.7665,2447.8985000000002
Sulawesi Tenggara,3,Produksi Menengah dengan Komoditas Buah/Tropis Menonjol,Jeruk Lemon,2025,221.213,177.762,43.45099999999999
Sulawesi Tenggara,3,Produksi Menengah dengan Komoditas Buah/Tropis Menonjol,Lengkeng,2025,238.22,207.51850000000002,30.70149999999998
Sulawesi Tenggara,3,Produksi Menengah dengan Komoditas Buah/Tropis Menonjol,Bawang Daun,2025,571.4359999999999,466.87449999999995,104.56149999999997
Sulawesi Tenggara,3,Produksi Menengah dengan Komoditas Buah/Tropis Menonjol,Bawang Merah,2025,397.035,208.027,189.00800000000004
Sulawesi Tenggara,3,Produksi Menengah dengan Komoditas Buah/Tropis Menonjol,Bawang Putih,2025,0.0,0.0,0.0
Sulawesi Tenggara,3,Produksi Menengah dengan Komoditas Buah/Tropis Menonjol,Bayam,2025,2919.347,2889.3695,29.97750000000042
Sulawesi Tenggara,3,Produksi Menengah dengan Komoditas Buah/Tropis Menonjol,Buncis,2025,294.847,356.7145,-61.86750000000001
Sulawesi Tenggara,3,Produksi Menengah dengan Komoditas Buah/Tropis Menonjol,Cabai Rawit,2025,4205.843,6465.9985,-2260.1555
Sulawesi Tenggara,3,Produksi Menengah dengan Komoditas Buah/Tropis Menonjol,Kacang Panjang,2025,3979.376,3108.3365000000003,871.0394999999999
Sulawesi Tenggara,3,Produksi Menengah dengan Komoditas Buah/Tropis Menonjol,Kangkung,2025,4692.401,4972.4765,-280.0754999999999
Sulawesi Tenggara,3,Produksi Menengah dengan Komoditas Buah/Tropis Menonjol,Kembang Kol,2025,2.26,0.0025,2.2575
Sulawesi Tenggara,3,Produksi Menengah dengan Komoditas Buah/Tropis Menonjol,Kentang,2025,2.3,0.0,2.3
Sulawesi Tenggara,3,Produksi Menengah dengan Komoditas Buah/Tropis Menonjol,Ketimun,2025,2647.923,3745.6745,-1097.7515000000003
Sulawesi Tenggara,3,Produksi Menengah dengan Komoditas Buah/Tropis Menonjol,Kubis,2025,442.845,0.28900000000000003,442.55600000000004
Sulawesi Tenggara,3,Produksi Menengah dengan Komoditas Buah/Tropis Menonjol,Labu Siam,2025,474.14,118.418,355.722
Sulawesi Tenggara,3,Produksi Menengah dengan Komoditas Buah/Tropis Menonjol,Melon,2025,541.0699999999999,306.0095,235.06049999999993
Sulawesi Tenggara,3,Produksi Menengah dengan Komoditas Buah/Tropis Menonjol,Paprika,2025,0.006,0.0,0.006
Sulawesi Tenggara,3,Produksi Menengah dengan Komoditas Buah/Tropis Menonjol,Petsai Sawi,2025,1972.478,2681.268,-708.79
Sulawesi Tenggara,3,Produksi Menengah dengan Komoditas Buah/Tropis Menonjol,Semangka,2025,2542.786,2793.1945,-250.4085
Sulawesi Tenggara,3,Produksi Menengah dengan Komoditas Buah/Tropis Menonjol,Stroberi,2025,0.849,0.0,0.849
Sulawesi Tenggara,3,Produksi Menengah dengan Komoditas Buah/Tropis Menonjol,Terung,2025,5475.093,4316.5445,1158.5484999999999
Sulawesi Tenggara,3,Produksi Menengah dengan Komoditas Buah/Tropis Menonjol,Tomat,2025,4368.769,1944.5935,2424.1755000000003
Sulawesi Tenggara,3,Produksi Menengah dengan Komoditas Buah/Tropis Menonjol,Wortel,2025,0.0,0.0,0.0
Sulawesi Tenggara,3,Produksi Menengah dengan Komoditas Buah/Tropis Menonjol,Cabai Besar Tw Teropong,2025,1138.7469999999998,1120.684,18.062999999999874
Sulawesi Tenggara,3,Produksi Menengah dengan Komoditas Buah/Tropis Menonjol,Cabai Keriting,2025,1616.743,3350.4399999999996,-1733.6969999999997
Sulawesi Tenggara,3,Produksi Menengah dengan Komoditas Buah/Tropis Menonjol,Jamur Tiram,2025,69.3,56.42,12.879999999999995
Sulawesi Tenggara,3,Produksi Menengah dengan Komoditas Buah/Tropis Menonjol,Jamur Merang,2025,0.0,0.0,0.0
Sulawesi Tenggara,3,Produksi Menengah dengan Komoditas Buah/Tropis Menonjol,Jamur Lainnya,2025,0.01,0.005,0.005
Sulawesi Utara,1,Produksi Tinggi dengan Hortikultura Dataran Tinggi Menonjol,Padi,2025,265112.0,1382697.0,-1117585.0
Sulawesi Utara,1,Produksi Tinggi dengan Hortikultura Dataran Tinggi Menonjol,Jagung,2024,112771.9,293052.3,-180280.4
Sulawesi Utara,1,Produksi Tinggi dengan Hortikultura Dataran Tinggi Menonjol,Alpukat,2025,6372.556,15818.154,-9445.598000000002
Sulawesi Utara,1,Produksi Tinggi dengan Hortikultura Dataran Tinggi Menonjol,Anggur,2025,2.175,13.408,-11.233
Sulawesi Utara,1,Produksi Tinggi dengan Hortikultura Dataran Tinggi Menonjol,Apel,2025,0.05,0.1,-0.05
Sulawesi Utara,1,Produksi Tinggi dengan Hortikultura Dataran Tinggi Menonjol,Belimbing,2025,373.577,534.188,-160.611
Sulawesi Utara,1,Produksi Tinggi dengan Hortikultura Dataran Tinggi Menonjol,Duku Langsat Kokosan,2025,4240.723,4868.984,-628.2610000000004
Sulawesi Utara,1,Produksi Tinggi dengan Hortikultura Dataran Tinggi Menonjol,Durian,2025,32438.037,50551.826,-18113.789
Sulawesi Utara,1,Produksi Tinggi dengan Hortikultura Dataran Tinggi Menonjol,Jambu Air,2025,615.868,3459.0160000000005,-2843.1480000000006
Sulawesi Utara,1,Produksi Tinggi dengan Hortikultura Dataran Tinggi Menonjol,Jambu Biji,2025,1454.272,5101.7300000000005,-3647.4580000000005
Sulawesi Utara,1,Produksi Tinggi dengan Hortikultura Dataran Tinggi Menonjol,Jengkol,2025,0.45,4621.794,-4621.344
Sulawesi Utara,1,Produksi Tinggi dengan Hortikultura Dataran Tinggi Menonjol,Jeruk Besar,2025,23.35,353.255,-329.905
Sulawesi Utara,1,Produksi Tinggi dengan Hortikultura Dataran Tinggi Menonjol,Jeruk Siam Keprok,2025,261.939,29358.92,-29096.981
Sulawesi Utara,1,Produksi Tinggi dengan Hortikultura Dataran Tinggi Menonjol,Mangga,2025,12692.67,23588.604,-10895.934
Sulawesi Utara,1,Produksi Tinggi dengan Hortikultura Dataran Tinggi Menonjol,Manggis,2025,2716.7470000000003,6179.477,-3462.7299999999996
Sulawesi Utara,1,Produksi Tinggi dengan Hortikultura Dataran Tinggi Menonjol,Melinjo,2025,36.462,749.5899999999999,-713.1279999999999
Sulawesi Utara,1,Produksi Tinggi dengan Hortikultura Dataran Tinggi Menonjol,Nangka Cempedak,2025,5154.678,12718.634,-7563.956
Sulawesi Utara,1,Produksi Tinggi dengan Hortikultura Dataran Tinggi Menonjol,Nenas,2025,679.566,17836.272,-17156.706000000002
Sulawesi Utara,1,Produksi Tinggi dengan Hortikultura Dataran Tinggi Menonjol,Pepaya,2025,22539.075,30850.583,-8311.507999999998
Sulawesi Utara,1,Produksi Tinggi dengan Hortikultura Dataran Tinggi Menonjol,Petai,2025,0.45,2337.795,-2337.3450000000003
Sulawesi Utara,1,Produksi Tinggi dengan Hortikultura Dataran Tinggi Menonjol,Pisang,2025,45988.042,134617.75,-88629.708
Sulawesi Utara,1,Produksi Tinggi dengan Hortikultura Dataran Tinggi Menonjol,Rambutan,2025,5343.459,10445.254,-5101.795000000001
Sulawesi Utara,1,Produksi Tinggi dengan Hortikultura Dataran Tinggi Menonjol,Salak,2025,993.58,1338.267,-344.687
Sulawesi Utara,1,Produksi Tinggi dengan Hortikultura Dataran Tinggi Menonjol,Sawo,2025,0.4,2752.802,-2752.402
Sulawesi Utara,1,Produksi Tinggi dengan Hortikultura Dataran Tinggi Menonjol,Sirsak,2025,1710.8200000000002,1601.452,109.36800000000017
Sulawesi Utara,1,Produksi Tinggi dengan Hortikultura Dataran Tinggi Menonjol,Sukun,2025,142.481,1617.9,-1475.419
Sulawesi Utara,1,Produksi Tinggi dengan Hortikultura Dataran Tinggi Menonjol,Buah Naga,2025,575.027,3801.609,-3226.582
Sulawesi Utara,1,Produksi Tinggi dengan Hortikultura Dataran Tinggi Menonjol,Jeruk Lemon,2025,2898.7830000000004,966.505,1932.2780000000002
Sulawesi Utara,1,Produksi Tinggi dengan Hortikultura Dataran Tinggi Menonjol,Lengkeng,2025,8.32,510.205,-501.885
Sulawesi Utara,1,Produksi Tinggi dengan Hortikultura Dataran Tinggi Menonjol,Bawang Daun,2025,41985.694,4013.352,37972.342000000004
Sulawesi Utara,1,Produksi Tinggi dengan Hortikultura Dataran Tinggi Menonjol,Bawang Merah,2025,2554.651,13281.55,-10726.899
Sulawesi Utara,1,Produksi Tinggi dengan Hortikultura Dataran Tinggi Menonjol,Bawang Putih,2025,0.0,0.2,-0.2
Sulawesi Utara,1,Produksi Tinggi dengan Hortikultura Dataran Tinggi Menonjol,Bayam,2025,471.162,4230.219,-3759.0570000000002
Sulawesi Utara,1,Produksi Tinggi dengan Hortikultura Dataran Tinggi Menonjol,Buncis,2025,879.632,4233.31,-3353.6780000000003
Sulawesi Utara,1,Produksi Tinggi dengan Hortikultura Dataran Tinggi Menonjol,Cabai Rawit,2025,12666.958,27280.977000000003,-14614.019000000002
Sulawesi Utara,1,Produksi Tinggi dengan Hortikultura Dataran Tinggi Menonjol,Kacang Panjang,2025,857.961,7758.957,-6900.996
Sulawesi Utara,1,Produksi Tinggi dengan Hortikultura Dataran Tinggi Menonjol,Kangkung,2025,4305.337,7019.041,-2713.7039999999997
Sulawesi Utara,1,Produksi Tinggi dengan Hortikultura Dataran Tinggi Menonjol,Kembang Kol,2025,1175.192,801.15,374.04200000000003
Sulawesi Utara,1,Produksi Tinggi dengan Hortikultura Dataran Tinggi Menonjol,Kentang,2025,36086.7,2162.4,33924.299999999996
Sulawesi Utara,1,Produksi Tinggi dengan Hortikultura Dataran Tinggi Menonjol,Ketimun,2025,1351.193,6146.168,-4794.974999999999
Sulawesi Utara,1,Produksi Tinggi dengan Hortikultura Dataran Tinggi Menonjol,Kubis,2025,68656.946,11576.85,57080.096
Sulawesi Utara,1,Produksi Tinggi dengan Hortikultura Dataran Tinggi Menonjol,Labu Siam,2025,18793.002,7958.75,10834.252
Sulawesi Utara,1,Produksi Tinggi dengan Hortikultura Dataran Tinggi Menonjol,Melon,2025,77.921,830.5649999999999,-752.6439999999999
Sulawesi Utara,1,Produksi Tinggi dengan Hortikultura Dataran Tinggi Menonjol,Paprika,2025,62.66,3.0,59.66
Sulawesi Utara,1,Produksi Tinggi dengan Hortikultura Dataran Tinggi Menonjol,Petsai Sawi,2025,43118.727,11414.652,31704.074999999997
Sulawesi Utara,1,Produksi Tinggi dengan Hortikultura Dataran Tinggi Menonjol,Semangka,2025,193.611,9174.8,-8981.188999999998
Sulawesi Utara,1,Produksi Tinggi dengan Hortikultura Dataran Tinggi Menonjol,Stroberi,2025,0.0,26.3,-26.3
Sulawesi Utara,1,Produksi Tinggi dengan Hortikultura Dataran Tinggi Menonjol,Terung,2025,11415.005,12491.988,-1076.9830000000002
Sulawesi Utara,1,Produksi Tinggi dengan Hortikultura Dataran Tinggi Menonjol,Tomat,2025,38261.648,23964.93,14296.718
Sulawesi Utara,1,Produksi Tinggi dengan Hortikultura Dataran Tinggi Menonjol,Wortel,2025,45779.118,6627.95,39151.168000000005
Sulawesi Utara,1,Produksi Tinggi dengan Hortikultura Dataran Tinggi Menonjol,Cabai Besar Tw Teropong,2025,6.65,2973.547,-2966.897
Sulawesi Utara,1,Produksi Tinggi dengan Hortikultura Dataran Tinggi Menonjol,Cabai Keriting,2025,5875.196,15893.857,-10018.661
Sulawesi Utara,1,Produksi Tinggi dengan Hortikultura Dataran Tinggi Menonjol,Jamur Tiram,2025,0.0,104.339,-104.339
Sulawesi Utara,1,Produksi Tinggi dengan Hortikultura Dataran Tinggi Menonjol,Jamur Merang,2025,0.0,0.0,0.0
Sulawesi Utara,1,Produksi Tinggi dengan Hortikultura Dataran Tinggi Menonjol,Jamur Lainnya,2025,0.0,0.0,0.0
Sumatera Barat,1,Produksi Tinggi dengan Hortikultura Dataran Tinggi Menonjol,Padi,2025,1382697.0,1382697.0,0.0
Sumatera Barat,1,Produksi Tinggi dengan Hortikultura Dataran Tinggi Menonjol,Jagung,2024,518315.8,293052.3,225263.5
Sumatera Barat,1,Produksi Tinggi dengan Hortikultura Dataran Tinggi Menonjol,Alpukat,2025,114443.139,15818.154,98624.985
Sumatera Barat,1,Produksi Tinggi dengan Hortikultura Dataran Tinggi Menonjol,Anggur,2025,10.95,13.408,-2.458
Sumatera Barat,1,Produksi Tinggi dengan Hortikultura Dataran Tinggi Menonjol,Apel,2025,1.97,0.1,1.8699999999999999
Sumatera Barat,1,Produksi Tinggi dengan Hortikultura Dataran Tinggi Menonjol,Belimbing,2025,582.921,534.188,48.73300000000006
Sumatera Barat,1,Produksi Tinggi dengan Hortikultura Dataran Tinggi Menonjol,Duku Langsat Kokosan,2025,3683.267,4868.984,-1185.7170000000006
Sumatera Barat,1,Produksi Tinggi dengan Hortikultura Dataran Tinggi Menonjol,Durian,2025,124216.001,50551.826,73664.175
Sumatera Barat,1,Produksi Tinggi dengan Hortikultura Dataran Tinggi Menonjol,Jambu Air,2025,3630.878,3459.0160000000005,171.86199999999963
Sumatera Barat,1,Produksi Tinggi dengan Hortikultura Dataran Tinggi Menonjol,Jambu Biji,2025,5101.7300000000005,5101.7300000000005,0.0
Sumatera Barat,1,Produksi Tinggi dengan Hortikultura Dataran Tinggi Menonjol,Jengkol,2025,21168.603,4621.794,16546.809
Sumatera Barat,1,Produksi Tinggi dengan Hortikultura Dataran Tinggi Menonjol,Jeruk Besar,2025,144.63299999999998,353.255,-208.622
Sumatera Barat,1,Produksi Tinggi dengan Hortikultura Dataran Tinggi Menonjol,Jeruk Siam Keprok,2025,32572.478000000003,29358.92,3213.5580000000045
Sumatera Barat,1,Produksi Tinggi dengan Hortikultura Dataran Tinggi Menonjol,Mangga,2025,16957.522,23588.604,-6631.0819999999985
Sumatera Barat,1,Produksi Tinggi dengan Hortikultura Dataran Tinggi Menonjol,Manggis,2025,56983.591,6179.477,50804.114
Sumatera Barat,1,Produksi Tinggi dengan Hortikultura Dataran Tinggi Menonjol,Melinjo,2025,3140.585,749.5899999999999,2390.995
Sumatera Barat,1,Produksi Tinggi dengan Hortikultura Dataran Tinggi Menonjol,Nangka Cempedak,2025,11321.234,12718.634,-1397.3999999999996
Sumatera Barat,1,Produksi Tinggi dengan Hortikultura Dataran Tinggi Menonjol,Nenas,2025,374.21,17836.272,-17462.062
Sumatera Barat,1,Produksi Tinggi dengan Hortikultura Dataran Tinggi Menonjol,Pepaya,2025,33818.103,30850.583,2967.520000000004
Sumatera Barat,1,Produksi Tinggi dengan Hortikultura Dataran Tinggi Menonjol,Petai,2025,15621.509,2337.795,13283.714
Sumatera Barat,1,Produksi Tinggi dengan Hortikultura Dataran Tinggi Menonjol,Pisang,2025,150873.49099999998,134617.75,16255.74099999998
Sumatera Barat,1,Produksi Tinggi dengan Hortikultura Dataran Tinggi Menonjol,Rambutan,2025,20452.486,10445.254,10007.232
Sumatera Barat,1,Produksi Tinggi dengan Hortikultura Dataran Tinggi Menonjol,Salak,2025,1154.5700000000002,1338.267,-183.6969999999999
Sumatera Barat,1,Produksi Tinggi dengan Hortikultura Dataran Tinggi Menonjol,Sawo,2025,19266.758,2752.802,16513.956000000002
Sumatera Barat,1,Produksi Tinggi dengan Hortikultura Dataran Tinggi Menonjol,Sirsak,2025,6694.926,1601.452,5093.474
Sumatera Barat,1,Produksi Tinggi dengan Hortikultura Dataran Tinggi Menonjol,Sukun,2025,2527.583,1617.9,909.683
Sumatera Barat,1,Produksi Tinggi dengan Hortikultura Dataran Tinggi Menonjol,Buah Naga,2025,5927.632,3801.609,2126.0229999999997
Sumatera Barat,1,Produksi Tinggi dengan Hortikultura Dataran Tinggi Menonjol,Jeruk Lemon,2025,525.841,966.505,-440.664
Sumatera Barat,1,Produksi Tinggi dengan Hortikultura Dataran Tinggi Menonjol,Lengkeng,2025,1168.74,510.205,658.5350000000001
Sumatera Barat,1,Produksi Tinggi dengan Hortikultura Dataran Tinggi Menonjol,Bawang Daun,2025,68495.084,4013.352,64481.732
Sumatera Barat,1,Produksi Tinggi dengan Hortikultura Dataran Tinggi Menonjol,Bawang Merah,2025,232895.39700000003,13281.55,219613.84700000004
Sumatera Barat,1,Produksi Tinggi dengan Hortikultura Dataran Tinggi Menonjol,Bawang Putih,2025,598.9649999999999,0.2,598.7649999999999
Sumatera Barat,1,Produksi Tinggi dengan Hortikultura Dataran Tinggi Menonjol,Bayam,2025,7214.93,4230.219,2984.7110000000002
Sumatera Barat,1,Produksi Tinggi dengan Hortikultura Dataran Tinggi Menonjol,Buncis,2025,53126.287,4233.31,48892.977
Sumatera Barat,1,Produksi Tinggi dengan Hortikultura Dataran Tinggi Menonjol,Cabai Rawit,2025,31490.73,27280.977000000003,4209.752999999997
Sumatera Barat,1,Produksi Tinggi dengan Hortikultura Dataran Tinggi Menonjol,Kacang Panjang,2025,14391.244,7758.957,6632.287
Sumatera Barat,1,Produksi Tinggi dengan Hortikultura Dataran Tinggi Menonjol,Kangkung,2025,7873.445,7019.041,854.4039999999995
Sumatera Barat,1,Produksi Tinggi dengan Hortikultura Dataran Tinggi Menonjol,Kembang Kol,2025,10375.235,801.15,9574.085000000001
Sumatera Barat,1,Produksi Tinggi dengan Hortikultura Dataran Tinggi Menonjol,Kentang,2025,27098.95,2162.4,24936.55
Sumatera Barat,1,Produksi Tinggi dengan Hortikultura Dataran Tinggi Menonjol,Ketimun,2025,17712.835,6146.168,11566.667
Sumatera Barat,1,Produksi Tinggi dengan Hortikultura Dataran Tinggi Menonjol,Kubis,2025,257629.66,11576.85,246052.81
Sumatera Barat,1,Produksi Tinggi dengan Hortikultura Dataran Tinggi Menonjol,Labu Siam,2025,31484.285,7958.75,23525.535
Sumatera Barat,1,Produksi Tinggi dengan Hortikultura Dataran Tinggi Menonjol,Melon,2025,1679.9060000000002,830.5649999999999,849.3410000000002
Sumatera Barat,1,Produksi Tinggi dengan Hortikultura Dataran Tinggi Menonjol,Paprika,2025,0.0,3.0,-3.0
Sumatera Barat,1,Produksi Tinggi dengan Hortikultura Dataran Tinggi Menonjol,Petsai Sawi,2025,30313.508,11414.652,18898.856
Sumatera Barat,1,Produksi Tinggi dengan Hortikultura Dataran Tinggi Menonjol,Semangka,2025,9174.8,9174.8,0.0
Sumatera Barat,1,Produksi Tinggi dengan Hortikultura Dataran Tinggi Menonjol,Stroberi,2025,113.457,26.3,87.157
Sumatera Barat,1,Produksi Tinggi dengan Hortikultura Dataran Tinggi Menonjol,Terung,2025,105317.959,12491.988,92825.971
Sumatera Barat,1,Produksi Tinggi dengan Hortikultura Dataran Tinggi Menonjol,Tomat,2025,101117.696,23964.93,77152.766
Sumatera Barat,1,Produksi Tinggi dengan Hortikultura Dataran Tinggi Menonjol,Wortel,2025,27930.525,6627.95,21302.575
Sumatera Barat,1,Produksi Tinggi dengan Hortikultura Dataran Tinggi Menonjol,Cabai Besar Tw Teropong,2025,0.0,2973.547,-2973.547
Sumatera Barat,1,Produksi Tinggi dengan Hortikultura Dataran Tinggi Menonjol,Cabai Keriting,2025,121757.291,15893.857,105863.434
Sumatera Barat,1,Produksi Tinggi dengan Hortikultura Dataran Tinggi Menonjol,Jamur Tiram,2025,161.464,104.339,57.125
Sumatera Barat,1,Produksi Tinggi dengan Hortikultura Dataran Tinggi Menonjol,Jamur Merang,2025,0.0,0.0,0.0
Sumatera Barat,1,Produksi Tinggi dengan Hortikultura Dataran Tinggi Menonjol,Jamur Lainnya,2025,0.0,0.0,0.0
Sumatera Selatan,1,Produksi Tinggi dengan Hortikultura Dataran Tinggi Menonjol,Padi,2025,3627022.0,1382697.0,2244325.0
Sumatera Selatan,1,Produksi Tinggi dengan Hortikultura Dataran Tinggi Menonjol,Jagung,2024,338998.6,293052.3,45946.29999999999
Sumatera Selatan,1,Produksi Tinggi dengan Hortikultura Dataran Tinggi Menonjol,Alpukat,2025,11475.354,15818.154,-4342.800000000001
Sumatera Selatan,1,Produksi Tinggi dengan Hortikultura Dataran Tinggi Menonjol,Anggur,2025,23.284,13.408,9.876
Sumatera Selatan,1,Produksi Tinggi dengan Hortikultura Dataran Tinggi Menonjol,Apel,2025,0.1,0.1,0.0
Sumatera Selatan,1,Produksi Tinggi dengan Hortikultura Dataran Tinggi Menonjol,Belimbing,2025,844.7629999999999,534.188,310.57499999999993
Sumatera Selatan,1,Produksi Tinggi dengan Hortikultura Dataran Tinggi Menonjol,Duku Langsat Kokosan,2025,33364.998,4868.984,28496.014
Sumatera Selatan,1,Produksi Tinggi dengan Hortikultura Dataran Tinggi Menonjol,Durian,2025,48770.784,50551.826,-1781.0420000000013
Sumatera Selatan,1,Produksi Tinggi dengan Hortikultura Dataran Tinggi Menonjol,Jambu Air,2025,5318.537,3459.0160000000005,1859.5209999999997
Sumatera Selatan,1,Produksi Tinggi dengan Hortikultura Dataran Tinggi Menonjol,Jambu Biji,2025,4357.889,5101.7300000000005,-743.8410000000003
Sumatera Selatan,1,Produksi Tinggi dengan Hortikultura Dataran Tinggi Menonjol,Jengkol,2025,8069.923,4621.794,3448.129
Sumatera Selatan,1,Produksi Tinggi dengan Hortikultura Dataran Tinggi Menonjol,Jeruk Besar,2025,84.94500000000001,353.255,-268.31
Sumatera Selatan,1,Produksi Tinggi dengan Hortikultura Dataran Tinggi Menonjol,Jeruk Siam Keprok,2025,29358.92,29358.92,0.0
Sumatera Selatan,1,Produksi Tinggi dengan Hortikultura Dataran Tinggi Menonjol,Mangga,2025,16918.579,23588.604,-6670.024999999998
Sumatera Selatan,1,Produksi Tinggi dengan Hortikultura Dataran Tinggi Menonjol,Manggis,2025,3412.5910000000003,6179.477,-2766.8859999999995
Sumatera Selatan,1,Produksi Tinggi dengan Hortikultura Dataran Tinggi Menonjol,Melinjo,2025,749.5899999999999,749.5899999999999,0.0
Sumatera Selatan,1,Produksi Tinggi dengan Hortikultura Dataran Tinggi Menonjol,Nangka Cempedak,2025,10406.184,12718.634,-2312.4500000000007
Sumatera Selatan,1,Produksi Tinggi dengan Hortikultura Dataran Tinggi Menonjol,Nenas,2025,273457.762,17836.272,255621.49
Sumatera Selatan,1,Produksi Tinggi dengan Hortikultura Dataran Tinggi Menonjol,Pepaya,2025,29018.675,30850.583,-1831.9079999999994
Sumatera Selatan,1,Produksi Tinggi dengan Hortikultura Dataran Tinggi Menonjol,Petai,2025,3193.121,2337.795,855.326
Sumatera Selatan,1,Produksi Tinggi dengan Hortikultura Dataran Tinggi Menonjol,Pisang,2025,452553.542,134617.75,317935.792
Sumatera Selatan,1,Produksi Tinggi dengan Hortikultura Dataran Tinggi Menonjol,Rambutan,2025,10445.254,10445.254,0.0
Sumatera Selatan,1,Produksi Tinggi dengan Hortikultura Dataran Tinggi Menonjol,Salak,2025,1338.267,1338.267,0.0
Sumatera Selatan,1,Produksi Tinggi dengan Hortikultura Dataran Tinggi Menonjol,Sawo,2025,4284.880999999999,2752.802,1532.0789999999993
Sumatera Selatan,1,Produksi Tinggi dengan Hortikultura Dataran Tinggi Menonjol,Sirsak,2025,1056.889,1601.452,-544.5630000000001
Sumatera Selatan,1,Produksi Tinggi dengan Hortikultura Dataran Tinggi Menonjol,Sukun,2025,1705.169,1617.9,87.269
Sumatera Selatan,1,Produksi Tinggi dengan Hortikultura Dataran Tinggi Menonjol,Buah Naga,2025,1221.673,3801.609,-2579.9359999999997
Sumatera Selatan,1,Produksi Tinggi dengan Hortikultura Dataran Tinggi Menonjol,Jeruk Lemon,2025,3724.505,966.505,2758.0
Sumatera Selatan,1,Produksi Tinggi dengan Hortikultura Dataran Tinggi Menonjol,Lengkeng,2025,1750.311,510.205,1240.106
Sumatera Selatan,1,Produksi Tinggi dengan Hortikultura Dataran Tinggi Menonjol,Bawang Daun,2025,2917.625,4013.352,-1095.7269999999999
Sumatera Selatan,1,Produksi Tinggi dengan Hortikultura Dataran Tinggi Menonjol,Bawang Merah,2025,917.884,13281.55,-12363.666
Sumatera Selatan,1,Produksi Tinggi dengan Hortikultura Dataran Tinggi Menonjol,Bawang Putih,2025,0.0,0.2,-0.2
Sumatera Selatan,1,Produksi Tinggi dengan Hortikultura Dataran Tinggi Menonjol,Bayam,2025,2912.994,4230.219,-1317.225
Sumatera Selatan,1,Produksi Tinggi dengan Hortikultura Dataran Tinggi Menonjol,Buncis,2025,2641.9,4233.31,-1591.4100000000003
Sumatera Selatan,1,Produksi Tinggi dengan Hortikultura Dataran Tinggi Menonjol,Cabai Rawit,2025,14010.024,27280.977000000003,-13270.953000000003
Sumatera Selatan,1,Produksi Tinggi dengan Hortikultura Dataran Tinggi Menonjol,Kacang Panjang,2025,8631.741,7758.957,872.7839999999997
Sumatera Selatan,1,Produksi Tinggi dengan Hortikultura Dataran Tinggi Menonjol,Kangkung,2025,6439.602,7019.041,-579.4390000000003
Sumatera Selatan,1,Produksi Tinggi dengan Hortikultura Dataran Tinggi Menonjol,Kembang Kol,2025,380.6,801.15,-420.54999999999995
Sumatera Selatan,1,Produksi Tinggi dengan Hortikultura Dataran Tinggi Menonjol,Kentang,2025,1064.5,2162.4,-1097.9
Sumatera Selatan,1,Produksi Tinggi dengan Hortikultura Dataran Tinggi Menonjol,Ketimun,2025,15152.51,6146.168,9006.342
Sumatera Selatan,1,Produksi Tinggi dengan Hortikultura Dataran Tinggi Menonjol,Kubis,2025,3223.6,11576.85,-8353.25
Sumatera Selatan,1,Produksi Tinggi dengan Hortikultura Dataran Tinggi Menonjol,Labu Siam,2025,2124.552,7958.75,-5834.198
Sumatera Selatan,1,Produksi Tinggi dengan Hortikultura Dataran Tinggi Menonjol,Melon,2025,1410.584,830.5649999999999,580.0190000000001
Sumatera Selatan,1,Produksi Tinggi dengan Hortikultura Dataran Tinggi Menonjol,Paprika,2025,20.0,3.0,17.0
Sumatera Selatan,1,Produksi Tinggi dengan Hortikultura Dataran Tinggi Menonjol,Petsai Sawi,2025,3107.794,11414.652,-8306.858
Sumatera Selatan,1,Produksi Tinggi dengan Hortikultura Dataran Tinggi Menonjol,Semangka,2025,9829.637,9174.8,654.8370000000014
Sumatera Selatan,1,Produksi Tinggi dengan Hortikultura Dataran Tinggi Menonjol,Stroberi,2025,0.4,26.3,-25.900000000000002
Sumatera Selatan,1,Produksi Tinggi dengan Hortikultura Dataran Tinggi Menonjol,Terung,2025,18735.855,12491.988,6243.867
Sumatera Selatan,1,Produksi Tinggi dengan Hortikultura Dataran Tinggi Menonjol,Tomat,2025,7068.739,23964.93,-16896.191
Sumatera Selatan,1,Produksi Tinggi dengan Hortikultura Dataran Tinggi Menonjol,Wortel,2025,1429.0,6627.95,-5198.95
Sumatera Selatan,1,Produksi Tinggi dengan Hortikultura Dataran Tinggi Menonjol,Cabai Besar Tw Teropong,2025,5485.485,2973.547,2511.9379999999996
Sumatera Selatan,1,Produksi Tinggi dengan Hortikultura Dataran Tinggi Menonjol,Cabai Keriting,2025,19049.656,15893.857,3155.798999999999
Sumatera Selatan,1,Produksi Tinggi dengan Hortikultura Dataran Tinggi Menonjol,Jamur Tiram,2025,1782.9740000000002,104.339,1678.6350000000002
Sumatera Selatan,1,Produksi Tinggi dengan Hortikultura Dataran Tinggi Menonjol,Jamur Merang,2025,0.0,0.0,0.0
Sumatera Selatan,1,Produksi Tinggi dengan Hortikultura Dataran Tinggi Menonjol,Jamur Lainnya,2025,415.72,0.0,415.72
Sumatera Utara,1,Produksi Tinggi dengan Hortikultura Dataran Tinggi Menonjol,Padi,2025,2752655.0,1382697.0,1369958.0
Sumatera Utara,1,Produksi Tinggi dengan Hortikultura Dataran Tinggi Menonjol,Jagung,2024,1373900.0,293052.3,1080847.7
Sumatera Utara,1,Produksi Tinggi dengan Hortikultura Dataran Tinggi Menonjol,Alpukat,2025,49762.746,15818.154,33944.592
Sumatera Utara,1,Produksi Tinggi dengan Hortikultura Dataran Tinggi Menonjol,Anggur,2025,13.408,13.408,0.0
Sumatera Utara,1,Produksi Tinggi dengan Hortikultura Dataran Tinggi Menonjol,Apel,2025,0.0,0.1,-0.1
Sumatera Utara,1,Produksi Tinggi dengan Hortikultura Dataran Tinggi Menonjol,Belimbing,2025,3548.084,534.188,3013.8959999999997
Sumatera Utara,1,Produksi Tinggi dengan Hortikultura Dataran Tinggi Menonjol,Duku Langsat Kokosan,2025,11515.846,4868.984,6646.861999999999
Sumatera Utara,1,Produksi Tinggi dengan Hortikultura Dataran Tinggi Menonjol,Durian,2025,106382.801,50551.826,55830.975000000006
Sumatera Utara,1,Produksi Tinggi dengan Hortikultura Dataran Tinggi Menonjol,Jambu Air,2025,9199.133,3459.0160000000005,5740.116999999999
Sumatera Utara,1,Produksi Tinggi dengan Hortikultura Dataran Tinggi Menonjol,Jambu Biji,2025,8918.365,5101.7300000000005,3816.6349999999993
Sumatera Utara,1,Produksi Tinggi dengan Hortikultura Dataran Tinggi Menonjol,Jengkol,2025,11457.206,4621.794,6835.412
Sumatera Utara,1,Produksi Tinggi dengan Hortikultura Dataran Tinggi Menonjol,Jeruk Besar,2025,398.282,353.255,45.02699999999999
Sumatera Utara,1,Produksi Tinggi dengan Hortikultura Dataran Tinggi Menonjol,Jeruk Siam Keprok,2025,356148.27,29358.92,326789.35000000003
Sumatera Utara,1,Produksi Tinggi dengan Hortikultura Dataran Tinggi Menonjol,Mangga,2025,38311.156,23588.604,14722.552000000003
Sumatera Utara,1,Produksi Tinggi dengan Hortikultura Dataran Tinggi Menonjol,Manggis,2025,20352.585,6179.477,14173.108
Sumatera Utara,1,Produksi Tinggi dengan Hortikultura Dataran Tinggi Menonjol,Melinjo,2025,3853.42,749.5899999999999,3103.83
Sumatera Utara,1,Produksi Tinggi dengan Hortikultura Dataran Tinggi Menonjol,Nangka Cempedak,2025,13294.075,12718.634,575.4410000000007
Sumatera Utara,1,Produksi Tinggi dengan Hortikultura Dataran Tinggi Menonjol,Nenas,2025,185223.442,17836.272,167387.17
Sumatera Utara,1,Produksi Tinggi dengan Hortikultura Dataran Tinggi Menonjol,Pepaya,2025,130740.345,30850.583,99889.762
Sumatera Utara,1,Produksi Tinggi dengan Hortikultura Dataran Tinggi Menonjol,Petai,2025,33901.482,2337.795,31563.687000000005
Sumatera Utara,1,Produksi Tinggi dengan Hortikultura Dataran Tinggi Menonjol,Pisang,2025,150225.659,134617.75,15607.909000000014
Sumatera Utara,1,Produksi Tinggi dengan Hortikultura Dataran Tinggi Menonjol,Rambutan,2025,18096.528,10445.254,7651.273999999998
Sumatera Utara,1,Produksi Tinggi dengan Hortikultura Dataran Tinggi Menonjol,Salak,2025,312662.592,1338.267,311324.325
Sumatera Utara,1,Produksi Tinggi dengan Hortikultura Dataran Tinggi Menonjol,Sawo,2025,7878.144,2752.802,5125.342000000001
Sumatera Utara,1,Produksi Tinggi dengan Hortikultura Dataran Tinggi Menonjol,Sirsak,2025,4474.526,1601.452,2873.0739999999996
Sumatera Utara,1,Produksi Tinggi dengan Hortikultura Dataran Tinggi Menonjol,Sukun,2025,823.3459999999999,1617.9,-794.5540000000002
Sumatera Utara,1,Produksi Tinggi dengan Hortikultura Dataran Tinggi Menonjol,Buah Naga,2025,34752.785,3801.609,30951.176000000003
Sumatera Utara,1,Produksi Tinggi dengan Hortikultura Dataran Tinggi Menonjol,Jeruk Lemon,2025,707.104,966.505,-259.40099999999995
Sumatera Utara,1,Produksi Tinggi dengan Hortikultura Dataran Tinggi Menonjol,Lengkeng,2025,311.178,510.205,-199.027
Sumatera Utara,1,Produksi Tinggi dengan Hortikultura Dataran Tinggi Menonjol,Bawang Daun,2025,20016.006,4013.352,16002.654000000002
Sumatera Utara,1,Produksi Tinggi dengan Hortikultura Dataran Tinggi Menonjol,Bawang Merah,2025,52095.305,13281.55,38813.755000000005
Sumatera Utara,1,Produksi Tinggi dengan Hortikultura Dataran Tinggi Menonjol,Bawang Putih,2025,43.06,0.2,42.86
Sumatera Utara,1,Produksi Tinggi dengan Hortikultura Dataran Tinggi Menonjol,Bayam,2025,16351.059,4230.219,12120.84
Sumatera Utara,1,Produksi Tinggi dengan Hortikultura Dataran Tinggi Menonjol,Buncis,2025,62026.81,4233.31,57793.5
Sumatera Utara,1,Produksi Tinggi dengan Hortikultura Dataran Tinggi Menonjol,Cabai Rawit,2025,109052.507,27280.977000000003,81771.53
Sumatera Utara,1,Produksi Tinggi dengan Hortikultura Dataran Tinggi Menonjol,Kacang Panjang,2025,25577.961,7758.957,17819.004
Sumatera Utara,1,Produksi Tinggi dengan Hortikultura Dataran Tinggi Menonjol,Kangkung,2025,22571.505,7019.041,15552.464
Sumatera Utara,1,Produksi Tinggi dengan Hortikultura Dataran Tinggi Menonjol,Kembang Kol,2025,64934.098,801.15,64132.948
Sumatera Utara,1,Produksi Tinggi dengan Hortikultura Dataran Tinggi Menonjol,Kentang,2025,126203.674,2162.4,124041.274
Sumatera Utara,1,Produksi Tinggi dengan Hortikultura Dataran Tinggi Menonjol,Ketimun,2025,27220.237,6146.168,21074.069000000003
Sumatera Utara,1,Produksi Tinggi dengan Hortikultura Dataran Tinggi Menonjol,Kubis,2025,245022.343,11576.85,233445.493
Sumatera Utara,1,Produksi Tinggi dengan Hortikultura Dataran Tinggi Menonjol,Labu Siam,2025,12511.633,7958.75,4552.883
Sumatera Utara,1,Produksi Tinggi dengan Hortikultura Dataran Tinggi Menonjol,Melon,2025,2848.7,830.5649999999999,2018.1349999999998
Sumatera Utara,1,Produksi Tinggi dengan Hortikultura Dataran Tinggi Menonjol,Paprika,2025,3.0,3.0,0.0
Sumatera Utara,1,Produksi Tinggi dengan Hortikultura Dataran Tinggi Menonjol,Petsai Sawi,2025,82246.36600000001,11414.652,70831.714
Sumatera Utara,1,Produksi Tinggi dengan Hortikultura Dataran Tinggi Menonjol,Semangka,2025,22222.782,9174.8,13047.982
Sumatera Utara,1,Produksi Tinggi dengan Hortikultura Dataran Tinggi Menonjol,Stroberi,2025,163.053,26.3,136.753
Sumatera Utara,1,Produksi Tinggi dengan Hortikultura Dataran Tinggi Menonjol,Terung,2025,89304.963,12491.988,76812.975
Sumatera Utara,1,Produksi Tinggi dengan Hortikultura Dataran Tinggi Menonjol,Tomat,2025,234579.856,23964.93,210614.926
Sumatera Utara,1,Produksi Tinggi dengan Hortikultura Dataran Tinggi Menonjol,Wortel,2025,198747.092,6627.95,192119.142
Sumatera Utara,1,Produksi Tinggi dengan Hortikultura Dataran Tinggi Menonjol,Cabai Besar Tw Teropong,2025,2973.547,2973.547,0.0
Sumatera Utara,1,Produksi Tinggi dengan Hortikultura Dataran Tinggi Menonjol,Cabai Keriting,2025,211900.308,15893.857,196006.451
Sumatera Utara,1,Produksi Tinggi dengan Hortikultura Dataran Tinggi Menonjol,Jamur Tiram,2025,103.45,104.339,-0.8889999999999958
Sumatera Utara,1,Produksi Tinggi dengan Hortikultura Dataran Tinggi Menonjol,Jamur Merang,2025,0.0,0.0,0.0
Sumatera Utara,1,Produksi Tinggi dengan Hortikultura Dataran Tinggi Menonjol,Jamur Lainnya,2025,0.41,0.0,0.41
